-- phpMyAdmin SQL Dump
-- version 5.2.1
-- https://www.phpmyadmin.net/
--
-- Host: 127.0.0.1
-- Generation Time: Nov 10, 2024 at 01:22 AM
-- Server version: 10.4.32-MariaDB
-- PHP Version: 8.3.13

SET SQL_MODE = "NO_AUTO_VALUE_ON_ZERO";
START TRANSACTION;
SET time_zone = "+00:00";


/*!40101 SET @OLD_CHARACTER_SET_CLIENT=@@CHARACTER_SET_CLIENT */;
/*!40101 SET @OLD_CHARACTER_SET_RESULTS=@@CHARACTER_SET_RESULTS */;
/*!40101 SET @OLD_COLLATION_CONNECTION=@@COLLATION_CONNECTION */;
/*!40101 SET NAMES utf8mb4 */;

--
-- Database: `bongist`
--

-- --------------------------------------------------------

--
-- Table structure for table `activities`
--

CREATE TABLE `activities` (
  `id` int(11) NOT NULL,
  `staff_id` int(11) NOT NULL,
  `order_id` varchar(20) DEFAULT NULL,
  `expense_id` int(11) DEFAULT NULL,
  `payment_id` int(11) DEFAULT NULL,
  `invoice_id` varchar(100) DEFAULT NULL,
  `customer_id` int(11) DEFAULT NULL,
  `comment` text NOT NULL,
  `timestamp` int(11) NOT NULL
) ENGINE=InnoDB DEFAULT CHARSET=latin1 COLLATE=latin1_swedish_ci;

--
-- Dumping data for table `activities`
--

INSERT INTO `activities` (`id`, `staff_id`, `order_id`, `expense_id`, `payment_id`, `invoice_id`, `customer_id`, `comment`, `timestamp`) VALUES
(100, 20, NULL, NULL, NULL, NULL, NULL, 'was added as a staff', 1591788833),
(101, 0, NULL, NULL, NULL, NULL, NULL, 'updated a staff', 1591788849),
(102, 21, NULL, NULL, NULL, NULL, NULL, 'was added as a staff', 1591789292),
(103, 0, NULL, NULL, NULL, NULL, NULL, 'updated a staff', 1591789322),
(104, 22, NULL, NULL, NULL, NULL, NULL, 'was added as a staff', 1591789981),
(105, 23, NULL, NULL, NULL, NULL, NULL, 'was added as a staff', 1591790536),
(106, 0, NULL, NULL, NULL, NULL, NULL, 'updated a staff', 1591790697),
(107, 24, NULL, NULL, NULL, NULL, NULL, 'was added as a staff', 1591792528),
(108, 25, NULL, NULL, NULL, NULL, NULL, 'was added as a staff', 1591792635),
(109, 26, NULL, NULL, NULL, NULL, NULL, 'was added as a staff', 1591792757),
(110, 27, NULL, NULL, NULL, NULL, NULL, 'was added as a staff', 1591792837),
(111, 1, 'a6stv', NULL, NULL, NULL, NULL, 'added an order', 1591796565),
(112, 1, 'nb8hu', NULL, NULL, NULL, NULL, 'added an order', 1591796860),
(113, 1, 'ksurv', NULL, NULL, NULL, NULL, 'added an order', 1591797123),
(114, 1, '3we5e', NULL, NULL, NULL, NULL, 'added an order', 1591797346),
(115, 1, 'dob16', NULL, NULL, NULL, NULL, 'added an order', 1591798145),
(116, 1, '41b7g', NULL, NULL, NULL, NULL, 'added an order', 1591798358),
(117, 1, 'kt1yc', NULL, NULL, NULL, NULL, 'added an order', 1591804440),
(118, 1, 'xvvd5', NULL, NULL, NULL, NULL, 'added an order', 1591808085),
(119, 1, '4c2y7', NULL, NULL, NULL, NULL, 'added an order', 1591808267),
(120, 1, 'hc484', NULL, NULL, NULL, NULL, 'added an order', 1591808700),
(121, 1, 'lwgsk', NULL, NULL, NULL, NULL, 'added an order', 1591809082),
(122, 1, 'gydyh', NULL, NULL, NULL, NULL, 'added an order', 1591809352),
(123, 1, 'rdzak', NULL, NULL, NULL, NULL, 'added an order', 1591809680),
(124, 1, 'b7348', NULL, NULL, NULL, NULL, 'added an order', 1591809995),
(125, 1, '61hnb', NULL, NULL, NULL, NULL, 'added an order', 1591810767),
(126, 1, 'csxak', NULL, NULL, NULL, NULL, 'added an order', 1591810931),
(127, 1, NULL, 10, NULL, NULL, NULL, 'added an expense', 1591811354),
(128, 1, NULL, 11, NULL, NULL, NULL, 'added an expense', 1591811460),
(129, 1, NULL, 12, NULL, NULL, NULL, 'added an expense', 1591811548),
(130, 1, NULL, NULL, NULL, NULL, NULL, 'added an expense', 1591811587),
(131, 1, NULL, 13, NULL, NULL, NULL, 'added an expense', 1591811609),
(132, 1, NULL, 14, NULL, NULL, NULL, 'added an expense', 1591811692),
(133, 1, NULL, 15, NULL, NULL, NULL, 'added an expense', 1591811763),
(134, 1, NULL, 16, NULL, NULL, NULL, 'added an expense', 1591811808),
(135, 1, NULL, 17, NULL, NULL, NULL, 'added an expense', 1591811917),
(136, 1, NULL, 18, NULL, NULL, NULL, 'added an expense', 1591812031),
(137, 1, NULL, 19, NULL, NULL, NULL, 'added an expense', 1591814468),
(138, 1, NULL, 20, NULL, NULL, NULL, 'added an expense', 1591814679),
(139, 1, NULL, 21, NULL, NULL, NULL, 'added an expense', 1591814804),
(140, 1, NULL, 22, NULL, NULL, NULL, 'added an expense', 1591814850),
(141, 1, NULL, 23, NULL, NULL, NULL, 'added an expense', 1591814970),
(142, 1, NULL, 24, NULL, NULL, NULL, 'added an expense', 1591815016),
(143, 1, NULL, 25, NULL, NULL, NULL, 'added an expense', 1591815103),
(144, 1, NULL, 26, NULL, NULL, NULL, 'added an expense', 1591815192),
(145, 1, NULL, 26, NULL, NULL, NULL, '', 1591815281),
(146, 1, NULL, 27, NULL, NULL, NULL, 'added an expense', 1591815345),
(147, 1, NULL, 28, NULL, NULL, NULL, 'added an expense', 1591815427),
(148, 1, NULL, 29, NULL, NULL, NULL, 'added an expense', 1591860295),
(149, 1, NULL, 30, NULL, NULL, NULL, 'added an expense', 1591860398),
(150, 1, NULL, 31, NULL, NULL, NULL, 'added an expense', 1591860446),
(151, 1, NULL, 32, NULL, NULL, NULL, 'added an expense', 1591860504),
(152, 1, NULL, 33, NULL, NULL, NULL, 'added an expense', 1591860762),
(153, 1, NULL, 34, NULL, NULL, NULL, 'added an expense', 1591860839),
(154, 1, NULL, 35, NULL, NULL, NULL, 'added an expense', 1591861026),
(155, 1, NULL, 36, NULL, NULL, NULL, 'added an expense', 1591866513),
(156, 1, NULL, 37, NULL, NULL, NULL, 'added an expense', 1591866622),
(157, 1, NULL, 38, NULL, NULL, NULL, 'added an expense', 1591866982),
(158, 1, NULL, 39, NULL, NULL, NULL, 'added an expense', 1591867049),
(159, 1, NULL, NULL, 8, NULL, NULL, 'added a payment', 1591882846),
(160, 1, '8wddh', NULL, NULL, NULL, NULL, 'added an order', 1591962393),
(161, 1, 'r23vv', NULL, NULL, NULL, NULL, 'added an order', 1591962475),
(162, 1, 'qlvjr', NULL, NULL, NULL, NULL, 'added an order', 1591962719),
(163, 1, '3g543', NULL, NULL, NULL, NULL, 'added an order', 1591964632),
(164, 1, NULL, 40, NULL, NULL, NULL, 'added an expense', 1591964774),
(165, 1, NULL, 41, NULL, NULL, NULL, 'added an expense', 1591964850),
(166, 1, NULL, 42, NULL, NULL, NULL, 'added an expense', 1591965070),
(167, 1, NULL, 43, NULL, NULL, NULL, 'added an expense', 1591965246),
(168, 1, NULL, 44, NULL, NULL, NULL, 'added an expense', 1591965432),
(169, 1, NULL, NULL, 9, NULL, NULL, 'added a payment', 1591965863),
(170, 1, 'kp6b8', NULL, NULL, NULL, NULL, 'added an order', 1591966152),
(171, 1, NULL, 45, NULL, NULL, NULL, 'added an expense', 1591973187),
(172, 1, NULL, 46, NULL, NULL, NULL, 'added an expense', 1591973272),
(173, 1, NULL, 47, NULL, NULL, NULL, 'added an expense', 1591973348),
(174, 1, NULL, NULL, 10, NULL, NULL, 'added a payment', 1591975580),
(175, 1, NULL, 48, NULL, NULL, NULL, 'added an expense', 1591976377),
(176, 0, NULL, NULL, NULL, NULL, NULL, 'updated a staff', 1592050083),
(177, 1, NULL, 49, NULL, NULL, NULL, 'added an expense', 1592050211),
(178, 1, NULL, 50, NULL, NULL, NULL, 'added an expense', 1592050309),
(179, 1, NULL, 51, NULL, NULL, NULL, 'added an expense', 1592050433),
(180, 1, 't1fdy', NULL, NULL, NULL, NULL, 'added an order', 1592075569),
(181, 1, NULL, NULL, 11, NULL, NULL, 'added a payment', 1592075644),
(182, 1, 'rdzak', NULL, NULL, NULL, NULL, 'added a note', 1592075754),
(183, 1, NULL, 52, NULL, NULL, NULL, 'added an expense', 1592076992),
(184, 1, NULL, 53, NULL, NULL, NULL, 'added an expense', 1592151571),
(185, 1, 'arn8l', NULL, NULL, NULL, NULL, 'added an order', 1592151984),
(186, 1, NULL, 54, NULL, NULL, NULL, 'added an expense', 1592314249),
(187, 1, NULL, 55, NULL, NULL, NULL, 'added an expense', 1592314314),
(188, 1, NULL, 56, NULL, NULL, NULL, 'added an expense', 1592314351),
(189, 1, NULL, 57, NULL, NULL, NULL, 'added an expense', 1592314399),
(190, 1, NULL, 58, NULL, NULL, NULL, 'added an expense', 1592314492),
(191, 1, NULL, 59, NULL, NULL, NULL, 'added an expense', 1592314565),
(192, 1, NULL, 60, NULL, NULL, NULL, 'added an expense', 1592314657),
(193, 1, NULL, 61, NULL, NULL, NULL, 'added an expense', 1592314695),
(194, 1, NULL, NULL, 12, NULL, NULL, 'added a payment', 1592314757),
(195, 1, NULL, NULL, 13, NULL, NULL, 'added a payment', 1592314896),
(196, 1, NULL, NULL, 14, NULL, NULL, 'added a payment', 1592314979),
(197, 1, '2gvfs', NULL, NULL, NULL, NULL, 'added an order', 1592318706),
(198, 1, 'ukyl6', NULL, NULL, NULL, NULL, 'added an order', 1592319002),
(199, 1, '2jnbd', NULL, NULL, NULL, NULL, 'added an order', 1592319187),
(200, 1, 'c7tiy', NULL, NULL, NULL, NULL, 'added an order', 1592319465),
(201, 1, 'qemio', NULL, NULL, NULL, NULL, 'added an order', 1592321464),
(202, 1, NULL, 62, NULL, NULL, NULL, 'added an expense', 1592390948),
(203, 1, NULL, 63, NULL, NULL, NULL, 'added an expense', 1592390977),
(204, 1, NULL, 64, NULL, NULL, NULL, 'added an expense', 1592391109),
(205, 1, NULL, 65, NULL, NULL, NULL, 'added an expense', 1592391238),
(206, 1, NULL, 66, NULL, NULL, NULL, 'added an expense', 1592391991),
(207, 1, NULL, 67, NULL, NULL, NULL, 'added an expense', 1592392018),
(208, 1, NULL, 68, NULL, NULL, NULL, 'added an expense', 1592392093),
(209, 1, NULL, 69, NULL, NULL, NULL, 'added an expense', 1592392132),
(210, 1, NULL, 70, NULL, NULL, NULL, 'added an expense', 1592510217),
(211, 1, NULL, 71, NULL, NULL, NULL, 'added an expense', 1592510266),
(212, 1, NULL, 72, NULL, NULL, NULL, 'added an expense', 1592510302),
(213, 1, 'euy39', NULL, NULL, NULL, NULL, 'added an order', 1592510511),
(214, 1, NULL, 73, NULL, NULL, NULL, 'added an expense', 1592561795),
(215, 1, NULL, 74, NULL, NULL, NULL, 'added an expense', 1592561857),
(216, 1, NULL, 75, NULL, NULL, NULL, 'added an expense', 1592581364),
(217, 1, NULL, 76, NULL, NULL, NULL, 'added an expense', 1592581458),
(218, 1, NULL, NULL, NULL, NULL, NULL, 'added an expense', 1592581608),
(219, 1, NULL, 77, NULL, NULL, NULL, 'added an expense', 1592581675),
(220, 1, NULL, 78, NULL, NULL, NULL, 'added an expense', 1592581762),
(221, 1, 'a6nel', NULL, NULL, NULL, NULL, 'added an order', 1592602457),
(222, 1, 'j1526', NULL, NULL, NULL, NULL, 'added an order', 1592925314),
(223, 1, NULL, NULL, 15, NULL, NULL, 'added a payment', 1592925407),
(224, 1, NULL, NULL, 16, NULL, NULL, 'added a payment', 1592925504),
(225, 1, 'hc484', NULL, NULL, NULL, NULL, 'added a note', 1592925591),
(226, 1, NULL, NULL, 17, NULL, NULL, 'added a payment', 1592925718),
(227, 1, 'r23vv', NULL, NULL, NULL, NULL, 'added a note', 1592925775),
(228, 1, 'r23vv', NULL, NULL, NULL, NULL, 'updated an order', 1592925775),
(229, 1, 'nikko', NULL, NULL, NULL, NULL, 'added an order', 1592926229),
(230, 1, NULL, 79, NULL, NULL, NULL, 'added an expense', 1592926330),
(231, 1, NULL, 80, NULL, NULL, NULL, 'added an expense', 1592926691),
(232, 1, NULL, 81, NULL, NULL, NULL, 'added an expense', 1592926737),
(233, 1, NULL, 82, NULL, NULL, NULL, 'added an expense', 1592926805),
(234, 1, NULL, 83, NULL, NULL, NULL, 'added an expense', 1592926867),
(235, 1, NULL, 84, NULL, NULL, NULL, 'added an expense', 1592926908),
(236, 1, NULL, 85, NULL, NULL, NULL, 'added an expense', 1592926950),
(237, 1, NULL, NULL, 18, NULL, NULL, 'added a payment', 1593101344),
(238, 1, NULL, NULL, 19, NULL, NULL, 'added a payment', 1593102766),
(239, 1, 'gwy2v', NULL, NULL, NULL, NULL, 'added an order', 1593103621),
(240, 1, '31d3k', NULL, NULL, NULL, NULL, 'added an order', 1593103701),
(241, 1, NULL, 86, NULL, NULL, NULL, 'added an expense', 1593104074),
(242, 1, NULL, 87, NULL, NULL, NULL, 'added an expense', 1593104109),
(243, 1, NULL, 88, NULL, NULL, NULL, 'added an expense', 1593104154),
(244, 1, NULL, 89, NULL, NULL, NULL, 'added an expense', 1593545549),
(245, 1, NULL, 90, NULL, NULL, NULL, 'added an expense', 1593546125),
(246, 1, NULL, 91, NULL, NULL, NULL, 'added an expense', 1593546150),
(247, 1, NULL, 92, NULL, NULL, NULL, 'added an expense', 1593546186),
(248, 1, NULL, 93, NULL, NULL, NULL, 'added an expense', 1593546225),
(249, 1, NULL, 94, NULL, NULL, NULL, 'added an expense', 1593546288),
(250, 1, NULL, 95, NULL, NULL, NULL, 'added an expense', 1593546356),
(251, 1, NULL, 96, NULL, NULL, NULL, 'added an expense', 1593546456),
(252, 1, NULL, 97, NULL, NULL, NULL, 'added an expense', 1593546479),
(253, 1, NULL, 98, NULL, NULL, NULL, 'added an expense', 1593546531),
(254, 1, NULL, 99, NULL, NULL, NULL, 'added an expense', 1593546608),
(255, 1, 'hqf1n', NULL, NULL, NULL, NULL, 'added an order', 1593547640),
(256, 1, NULL, NULL, 20, NULL, NULL, 'added a payment', 1593547763),
(257, 1, NULL, NULL, 21, NULL, NULL, 'added a payment', 1593547860),
(258, 1, 'dw2az', NULL, NULL, NULL, NULL, 'added an order', 1593548115),
(259, 1, 'd4hws', NULL, NULL, NULL, NULL, 'added an order', 1593548269),
(260, 1, '7weyx', NULL, NULL, NULL, NULL, 'added an order', 1593548547),
(261, 1, '5fbcw', NULL, NULL, NULL, NULL, 'added an order', 1593549926),
(262, 1, 'uqpfe', NULL, NULL, NULL, NULL, 'added an order', 1593550138),
(263, 1, '6owiy', NULL, NULL, NULL, NULL, 'added an order', 1593550264),
(264, 1, 'ldp7m', NULL, NULL, NULL, NULL, 'added an order', 1593550453),
(265, 1, 'x6xoa', NULL, NULL, NULL, NULL, 'added an order', 1593550978),
(266, 1, NULL, 100, NULL, NULL, NULL, 'added an expense', 1593844214),
(267, 1, NULL, NULL, 22, NULL, NULL, 'added a payment', 1593965833),
(268, 1, '2546w', NULL, NULL, NULL, NULL, 'added an order', 1593966383),
(269, 1, '6dty1', NULL, NULL, NULL, NULL, 'added an order', 1593966569),
(270, 1, 's4y5g', NULL, NULL, NULL, NULL, 'added an order', 1593966804),
(271, 1, 'kum7q', NULL, NULL, NULL, NULL, 'added an order', 1593966943),
(272, 1, NULL, NULL, 23, NULL, NULL, 'added a payment', 1593967079),
(273, 1, NULL, NULL, 24, NULL, NULL, 'added a payment', 1593967232),
(274, 1, NULL, NULL, 17, NULL, NULL, 'added a payment', 1593967461),
(275, 1, 'r23vv', NULL, NULL, NULL, NULL, 'added a note', 1593967504),
(276, 1, 'y4cqv', NULL, NULL, NULL, NULL, 'added an order', 1593967853),
(277, 1, NULL, NULL, 25, NULL, NULL, 'added a payment', 1593967936),
(278, 1, 'sewnu', NULL, NULL, NULL, NULL, 'added an order', 1593968097),
(279, 1, '99tw9', NULL, NULL, NULL, NULL, 'added an order', 1593968267),
(280, 1, NULL, 101, NULL, NULL, NULL, 'added an expense', 1593968383),
(281, 1, NULL, 102, NULL, NULL, NULL, 'added an expense', 1593968618),
(282, 1, NULL, 103, NULL, NULL, NULL, 'added an expense', 1593968672),
(283, 1, NULL, 104, NULL, NULL, NULL, 'added an expense', 1593968817),
(284, 1, NULL, 105, NULL, NULL, NULL, 'added an expense', 1593968858),
(285, 1, NULL, 106, NULL, NULL, NULL, 'added an expense', 1593968960),
(286, 1, NULL, 107, NULL, NULL, NULL, 'added an expense', 1593969026),
(287, 1, NULL, 108, NULL, NULL, NULL, 'added an expense', 1593969234),
(288, 1, NULL, 109, NULL, NULL, NULL, 'added an expense', 1593969348),
(289, 1, NULL, 110, NULL, NULL, NULL, 'added an expense', 1593969426),
(290, 1, NULL, 111, NULL, NULL, NULL, 'added an expense', 1593969503),
(291, 1, NULL, 112, NULL, NULL, NULL, 'added an expense', 1593969610),
(292, 1, NULL, 113, NULL, NULL, NULL, 'added an expense', 1593969674),
(293, 1, NULL, 114, NULL, NULL, NULL, 'added an expense', 1594216564),
(294, 1, NULL, 115, NULL, NULL, NULL, 'added an expense', 1594216618),
(295, 1, NULL, 116, NULL, NULL, NULL, 'added an expense', 1594216752),
(296, 1, NULL, 117, NULL, NULL, NULL, 'added an expense', 1594217130),
(297, 1, NULL, 118, NULL, NULL, NULL, 'added an expense', 1594219431),
(298, 1, NULL, 119, NULL, NULL, NULL, 'added an expense', 1594219477),
(299, 1, NULL, 120, NULL, NULL, NULL, 'added an expense', 1594219567),
(300, 1, NULL, 121, NULL, NULL, NULL, 'added an expense', 1594219767),
(301, 1, NULL, 122, NULL, NULL, NULL, 'added an expense', 1594219898),
(302, 1, NULL, 123, NULL, NULL, NULL, 'added an expense', 1594220016),
(303, 1, NULL, 124, NULL, NULL, NULL, 'added an expense', 1594220143),
(304, 1, NULL, 125, NULL, NULL, NULL, 'added an expense', 1594220210),
(305, 1, NULL, 126, NULL, NULL, NULL, 'added an expense', 1594220439),
(306, 1, NULL, 127, NULL, NULL, NULL, 'added an expense', 1594220515),
(307, 1, NULL, 128, NULL, NULL, NULL, 'added an expense', 1594220688),
(308, 1, NULL, 129, NULL, NULL, NULL, 'added an expense', 1594220803),
(309, 1, NULL, 130, NULL, NULL, NULL, 'added an expense', 1594220874),
(310, 1, NULL, 131, NULL, NULL, NULL, 'added an expense', 1594220936),
(311, 1, NULL, 132, NULL, NULL, NULL, 'added an expense', 1594220965),
(312, 1, NULL, 133, NULL, NULL, NULL, 'added an expense', 1594221058),
(313, 1, NULL, 134, NULL, NULL, NULL, 'added an expense', 1594221097),
(314, 1, NULL, 135, NULL, NULL, NULL, 'added an expense', 1594221205),
(315, 1, NULL, 136, NULL, NULL, NULL, 'added an expense', 1594221289),
(316, 1, NULL, 137, NULL, NULL, NULL, 'added an expense', 1594283059),
(317, 1, NULL, 138, NULL, NULL, NULL, 'added an expense', 1594320504),
(318, 1, NULL, 139, NULL, NULL, NULL, 'added an expense', 1594320583),
(319, 1, NULL, 140, NULL, NULL, NULL, 'added an expense', 1594320676),
(320, 1, NULL, 141, NULL, NULL, NULL, 'added an expense', 1594320719),
(321, 1, NULL, 142, NULL, NULL, NULL, 'added an expense', 1594320773),
(322, 1, NULL, 143, NULL, NULL, NULL, 'added an expense', 1594320985),
(323, 1, NULL, 144, NULL, NULL, NULL, 'added an expense', 1594321032),
(324, 0, NULL, NULL, NULL, NULL, 55, 'registered as a customer', 1594586180),
(325, 1, 'nbql7', NULL, NULL, NULL, NULL, 'added an order', 1595009906),
(326, 1, 'e6sto', NULL, NULL, NULL, NULL, 'added an order', 1595010180),
(327, 1, 'w1kse', NULL, NULL, NULL, NULL, 'added an order', 1595010294),
(328, 1, NULL, NULL, 26, NULL, NULL, 'added a payment', 1595010419),
(329, 1, 'dw2az', NULL, NULL, NULL, NULL, 'added a note', 1595010490),
(330, 1, 'yxhki', NULL, NULL, NULL, NULL, 'added an order', 1595010851),
(331, 1, 'm1spz', NULL, NULL, NULL, NULL, 'added an order', 1595011049),
(332, 1, 'idye5', NULL, NULL, NULL, NULL, 'added an order', 1595011202),
(333, 1, '2v7fa', NULL, NULL, NULL, NULL, 'added an order', 1595011405),
(334, 1, '2zpf1', NULL, NULL, NULL, NULL, 'added an order', 1595011589),
(335, 1, 'b7wlb', NULL, NULL, NULL, NULL, 'added an order', 1595011769),
(336, 1, 'dr4qu', NULL, NULL, NULL, NULL, 'added an order', 1595011852),
(337, 1, 'brkfb', NULL, NULL, NULL, NULL, 'added an order', 1595012070),
(338, 1, 'l7mty', NULL, NULL, NULL, NULL, 'added an order', 1595012081),
(339, 1, 'l5iul', NULL, NULL, NULL, NULL, 'added an order', 1595012194),
(340, 1, 'l5iul', NULL, NULL, NULL, NULL, 'added a note', 1595012360),
(341, 1, 'l5iul', NULL, NULL, NULL, NULL, 'added a note', 1595012390),
(342, 1, 'l5iul', NULL, NULL, NULL, NULL, 'added a note', 1595012395),
(343, 1, '9yse2', NULL, NULL, NULL, NULL, 'added an order', 1595012538),
(344, 1, 'iyt5m', NULL, NULL, NULL, NULL, 'added an order', 1595012552),
(345, 1, 'foflx', NULL, NULL, NULL, NULL, 'added an order', 1595012787),
(346, 1, 'ctvro', NULL, NULL, NULL, NULL, 'added an order', 1595013350),
(347, 1, 'nhomq', NULL, NULL, NULL, NULL, 'added an order', 1595013548),
(348, 1, 'okth5', NULL, NULL, NULL, NULL, 'added an order', 1595013767),
(349, 1, 'ibuuz', NULL, NULL, NULL, NULL, 'added an order', 1595014452),
(350, 1, 'r9adg', NULL, NULL, NULL, NULL, 'added an order', 1595014705),
(351, 1, 'qte9q', NULL, NULL, NULL, NULL, 'added an order', 1595014904),
(352, 1, 'c7ojo', NULL, NULL, NULL, NULL, 'added an order', 1595015121),
(353, 1, '5dzom', NULL, NULL, NULL, NULL, 'added an order', 1595015336),
(354, 1, 'yyhv9', NULL, NULL, NULL, NULL, 'added an order', 1595015566),
(355, 1, '5d2mt', NULL, NULL, NULL, NULL, 'added an order', 1595015957),
(356, 1, 'w9v83', NULL, NULL, NULL, NULL, 'added an order', 1595016302),
(357, 1, '4jp8v', NULL, NULL, NULL, NULL, 'added an order', 1595017709),
(358, 1, 'pkxvi', NULL, NULL, NULL, NULL, 'added an order', 1595017836),
(359, 1, 'qwbw7', NULL, NULL, NULL, NULL, 'added an order', 1595017998),
(360, 1, '7jr4q', NULL, NULL, NULL, NULL, 'added an order', 1595018159),
(361, 1, '7u4jz', NULL, NULL, NULL, NULL, 'added an order', 1595018245),
(362, 1, 'gqlqb', NULL, NULL, NULL, NULL, 'added an order', 1595018442),
(363, 1, 'r2dnh', NULL, NULL, NULL, NULL, 'added an order', 1595019230),
(364, 1, 'k14fv', NULL, NULL, NULL, NULL, 'added an order', 1595019355),
(365, 1, NULL, 145, NULL, NULL, NULL, 'added an expense', 1595020490),
(366, 1, NULL, 146, NULL, NULL, NULL, 'added an expense', 1595020566),
(367, 1, NULL, 147, NULL, NULL, NULL, 'added an expense', 1595020640),
(368, 1, NULL, 148, NULL, NULL, NULL, 'added an expense', 1595020725),
(369, 1, NULL, 149, NULL, NULL, NULL, 'added an expense', 1595020786),
(370, 1, NULL, 150, NULL, NULL, NULL, 'added an expense', 1595020900),
(371, 1, NULL, 151, NULL, NULL, NULL, 'added an expense', 1595020990),
(372, 1, NULL, 152, NULL, NULL, NULL, 'added an expense', 1595021057),
(373, 1, NULL, 153, NULL, NULL, NULL, 'added an expense', 1595021120),
(374, 1, NULL, 154, NULL, NULL, NULL, 'added an expense', 1595021197),
(375, 1, NULL, 155, NULL, NULL, NULL, 'added an expense', 1595021283),
(376, 1, NULL, 156, NULL, NULL, NULL, 'added an expense', 1595021348),
(377, 1, '2j5d1', NULL, NULL, NULL, NULL, 'added an order', 1595109822),
(378, 1, 'bug8o', NULL, NULL, NULL, NULL, 'added an order', 1595110008),
(379, 1, NULL, 157, NULL, NULL, NULL, 'added an expense', 1595696778),
(380, 1, NULL, 158, NULL, NULL, NULL, 'added an expense', 1595696882),
(381, 1, NULL, 159, NULL, NULL, NULL, 'added an expense', 1595696924),
(382, 1, NULL, 160, NULL, NULL, NULL, 'added an expense', 1595696982),
(383, 1, NULL, 161, NULL, NULL, NULL, 'added an expense', 1595697025),
(384, 1, NULL, 162, NULL, NULL, NULL, 'added an expense', 1595697080),
(385, 1, NULL, 163, NULL, NULL, NULL, 'added an expense', 1595697143),
(386, 1, NULL, 164, NULL, NULL, NULL, 'added an expense', 1595697197),
(387, 1, NULL, 165, NULL, NULL, NULL, 'added an expense', 1595697291),
(388, 1, NULL, 166, NULL, NULL, NULL, 'added an expense', 1595697334),
(389, 1, NULL, 167, NULL, NULL, NULL, 'added an expense', 1595697389),
(390, 1, NULL, 168, NULL, NULL, NULL, 'added an expense', 1595697428),
(391, 1, NULL, 169, NULL, NULL, NULL, 'added an expense', 1595697487),
(392, 1, NULL, 170, NULL, NULL, NULL, 'added an expense', 1595697540),
(393, 1, NULL, 171, NULL, NULL, NULL, 'added an expense', 1595697624),
(394, 1, NULL, 172, NULL, NULL, NULL, 'added an expense', 1595697757),
(395, 1, NULL, 173, NULL, NULL, NULL, 'added an expense', 1595697802),
(396, 1, NULL, 174, NULL, NULL, NULL, 'added an expense', 1595697869),
(397, 1, NULL, 175, NULL, NULL, NULL, 'added an expense', 1595697965),
(398, 1, NULL, 176, NULL, NULL, NULL, 'added an expense', 1595698030),
(399, 1, NULL, 177, NULL, NULL, NULL, 'added an expense', 1595698104),
(400, 1, NULL, 178, NULL, NULL, NULL, 'added an expense', 1595698154),
(401, 1, NULL, 179, NULL, NULL, NULL, 'added an expense', 1595698213),
(402, 1, NULL, 180, NULL, NULL, NULL, 'added an expense', 1595698271),
(403, 1, NULL, 181, NULL, NULL, NULL, 'added an expense', 1595966212),
(404, 1, NULL, 182, NULL, NULL, NULL, 'added an expense', 1595966281),
(405, 1, NULL, 183, NULL, NULL, NULL, 'added an expense', 1595966336),
(406, 1, NULL, 184, NULL, NULL, NULL, 'added an expense', 1595966382),
(407, 1, NULL, 185, NULL, NULL, NULL, 'added an expense', 1595966417),
(408, 1, NULL, 186, NULL, NULL, NULL, 'added an expense', 1595966513),
(409, 1, NULL, 187, NULL, NULL, NULL, 'added an expense', 1595966583),
(410, 1, NULL, 188, NULL, NULL, NULL, 'added an expense', 1595966873),
(411, 1, NULL, 189, NULL, NULL, NULL, 'added an expense', 1595966960),
(412, 1, NULL, 190, NULL, NULL, NULL, 'added an expense', 1595967016),
(413, 1, NULL, 191, NULL, NULL, NULL, 'added an expense', 1595967068),
(414, 1, NULL, 192, NULL, NULL, NULL, 'added an expense', 1595967128),
(415, 1, NULL, 193, NULL, NULL, NULL, 'added an expense', 1595967200),
(416, 1, NULL, 194, NULL, NULL, NULL, 'added an expense', 1595967340),
(417, 1, NULL, 195, NULL, NULL, NULL, 'added an expense', 1595967381),
(418, 1, NULL, 196, NULL, NULL, NULL, 'added an expense', 1595967475),
(419, 1, NULL, 197, NULL, NULL, NULL, 'added an expense', 1595967543),
(420, 1, NULL, 198, NULL, NULL, NULL, 'added an expense', 1595967862),
(421, 1, NULL, 199, NULL, NULL, NULL, 'added an expense', 1595967892),
(422, 1, NULL, 200, NULL, NULL, NULL, 'added an expense', 1595968001),
(423, 1, NULL, 201, NULL, NULL, NULL, 'added an expense', 1595968060),
(424, 1, NULL, 202, NULL, NULL, NULL, 'added an expense', 1595968131),
(425, 1, NULL, 203, NULL, NULL, NULL, 'added an expense', 1595968173),
(426, 1, NULL, 204, NULL, NULL, NULL, 'added an expense', 1595968238),
(427, 1, NULL, 205, NULL, NULL, NULL, 'added an expense', 1595968287),
(428, 1, NULL, 206, NULL, NULL, NULL, 'added an expense', 1595968333),
(429, 1, NULL, 207, NULL, NULL, NULL, 'added an expense', 1595968416),
(430, 1, NULL, 208, NULL, NULL, NULL, 'added an expense', 1595968473),
(431, 1, 'wl3w8', NULL, NULL, NULL, NULL, 'added an order', 1595973220),
(432, 1, 'zcam9', NULL, NULL, NULL, NULL, 'added an order', 1595973883),
(433, 1, 'g1ggb', NULL, NULL, NULL, NULL, 'added an order', 1595973915),
(434, 1, 'xap4d', NULL, NULL, NULL, NULL, 'added an order', 1595974028),
(435, 1, 'pk6ke', NULL, NULL, NULL, NULL, 'added an order', 1595974041),
(436, 1, 'j685t', NULL, NULL, NULL, NULL, 'added an order', 1595974167),
(437, 1, 'z2cbf', NULL, NULL, NULL, NULL, 'added an order', 1595974306),
(438, 1, 'kbkho', NULL, NULL, NULL, NULL, 'added an order', 1595974315),
(439, 1, 'eu6iw', NULL, NULL, NULL, NULL, 'added an order', 1595976784),
(440, 1, '32lkx', NULL, NULL, NULL, NULL, 'added an order', 1595976938),
(441, 1, '51585', NULL, NULL, NULL, NULL, 'added an order', 1595977037),
(442, 1, 'u31l9', NULL, NULL, NULL, NULL, 'added an order', 1595977046),
(443, 1, 'sbph1', NULL, NULL, NULL, NULL, 'added an order', 1595977287),
(444, 1, '5hpp2', NULL, NULL, NULL, NULL, 'added an order', 1595977436),
(445, 1, '3v5ql', NULL, NULL, NULL, NULL, 'added an order', 1596312800),
(446, 1, 't6dvb', NULL, NULL, NULL, NULL, 'added an order', 1596313149),
(447, 1, 'fv4o2', NULL, NULL, NULL, NULL, 'added an order', 1596313313),
(448, 1, 'wia7w', NULL, NULL, NULL, NULL, 'added an order', 1596319446),
(449, 1, 'uu9qp', NULL, NULL, NULL, NULL, 'added an order', 1596319472),
(450, 1, '9tpip', NULL, NULL, NULL, NULL, 'added an order', 1596319478),
(451, 1, '4o6qq', NULL, NULL, NULL, NULL, 'added an order', 1596319640),
(452, 1, NULL, NULL, 27, NULL, NULL, 'added a payment', 1596319743),
(453, 1, 'gje93', NULL, NULL, NULL, NULL, 'added an order', 1596319926),
(454, 1, 'vf5eq', NULL, NULL, NULL, NULL, 'added an order', 1596320112),
(455, 1, 'ool96', NULL, NULL, NULL, NULL, 'added an order', 1596320132),
(456, 1, '2xowq', NULL, NULL, NULL, NULL, 'added an order', 1596320282),
(457, 1, NULL, NULL, 28, NULL, NULL, 'added a payment', 1596320332),
(458, 1, 'x4kiw', NULL, NULL, NULL, NULL, 'added an order', 1596320544),
(459, 1, 'uki7z', NULL, NULL, NULL, NULL, 'added an order', 1596320740),
(460, 1, 'qbkt7', NULL, NULL, NULL, NULL, 'added an order', 1596320809),
(461, 1, 'enmzs', NULL, NULL, NULL, NULL, 'added an order', 1596320932),
(462, 1, 'if56j', NULL, NULL, NULL, NULL, 'added an order', 1596321378),
(463, 1, 'mqrnh', NULL, NULL, NULL, NULL, 'added an order', 1596321611),
(464, 1, 'wjbke', NULL, NULL, NULL, NULL, 'added an order', 1596321624),
(465, 1, NULL, 209, NULL, NULL, NULL, 'added an expense', 1596473344),
(466, 1, NULL, 210, NULL, NULL, NULL, 'added an expense', 1596473382),
(467, 1, NULL, 211, NULL, NULL, NULL, 'added an expense', 1596473420),
(468, 1, NULL, 212, NULL, NULL, NULL, 'added an expense', 1596473489),
(469, 1, NULL, 213, NULL, NULL, NULL, 'added an expense', 1596473611),
(470, 1, NULL, 214, NULL, NULL, NULL, 'added an expense', 1596473665),
(471, 1, NULL, 215, NULL, NULL, NULL, 'added an expense', 1596473687),
(472, 1, NULL, 216, NULL, NULL, NULL, 'added an expense', 1596473754),
(473, 1, NULL, 217, NULL, NULL, NULL, 'added an expense', 1596473978),
(474, 1, NULL, 218, NULL, NULL, NULL, 'added an expense', 1596474075),
(475, 1, NULL, 219, NULL, NULL, NULL, 'added an expense', 1596474151),
(476, 1, NULL, 220, NULL, NULL, NULL, 'added an expense', 1596474217),
(477, 1, NULL, 221, NULL, NULL, NULL, 'added an expense', 1596474273),
(478, 1, '1j3hd', NULL, NULL, NULL, NULL, 'added an order', 1596474876),
(479, 1, 'iohft', NULL, NULL, NULL, NULL, 'added an order', 1596475056),
(480, 1, '3i6mc', NULL, NULL, NULL, NULL, 'added an order', 1596475189),
(481, 1, 'c77l5', NULL, NULL, NULL, NULL, 'added an order', 1596475381),
(482, 1, 'p6vn1', NULL, NULL, NULL, NULL, 'added an order', 1596475518),
(483, 0, NULL, NULL, NULL, NULL, NULL, 'updated a staff', 1606408643),
(484, 28, NULL, NULL, NULL, NULL, NULL, 'was added as a staff', 1609760602),
(485, 1, NULL, NULL, NULL, NULL, NULL, 'has just deleted a staff', 1610440697),
(486, 29, NULL, NULL, NULL, NULL, NULL, 'was added as a staff', 1610440814),
(487, 1, 'f42it', NULL, NULL, NULL, NULL, 'added an order', 1610440951),
(488, 1, NULL, NULL, 29, NULL, NULL, 'added a payment', 1610441512),
(489, 1, 'f42it', NULL, NULL, NULL, NULL, 'added a note', 1610441697),
(490, 1, NULL, NULL, 30, NULL, NULL, 'added a payment', 1610442063),
(491, 1, NULL, NULL, 31, NULL, NULL, 'added a payment', 1624052782),
(492, 0, NULL, NULL, NULL, NULL, NULL, 'updated a staff', 1624476571),
(493, 1, NULL, NULL, NULL, NULL, NULL, 'has just deleted a staff', 1624476730),
(494, 1, NULL, NULL, NULL, NULL, NULL, 'has just deleted a staff', 1624476770),
(495, 1, NULL, NULL, NULL, NULL, NULL, 'has just deleted a staff', 1624529966),
(496, 30, NULL, NULL, NULL, NULL, NULL, 'was added as a staff', 1624530115),
(497, 1, NULL, NULL, NULL, NULL, NULL, 'has just deleted a staff', 1624531494),
(498, 31, NULL, NULL, NULL, NULL, NULL, 'was added as a staff', 1624531632),
(499, 30, '6xhqj', NULL, NULL, NULL, NULL, 'added an order', 1625676459),
(500, 1, '1fwm8', NULL, NULL, NULL, NULL, 'added an order', 1625734519),
(501, 30, 'nx27p', NULL, NULL, NULL, NULL, 'added an order', 1635875791),
(502, 1, 'w8hbg', NULL, NULL, NULL, NULL, 'added an order', 1646724024),
(503, 1, 'h7dpt', NULL, NULL, NULL, NULL, 'added an order', 1646724110),
(504, 1, '1mu4i', NULL, NULL, NULL, NULL, 'added an order', 1646724654),
(505, 1, 'zb163', NULL, NULL, NULL, NULL, 'added an order', 1646738594),
(506, 1, 'icekm', NULL, NULL, NULL, NULL, 'added an order', 1646738820),
(507, 1, 'c64gd', NULL, NULL, NULL, NULL, 'added an order', 1646754481),
(508, 1, '97dqh', NULL, NULL, NULL, NULL, 'added an order', 1646754638),
(509, 1, 'sycp2', NULL, NULL, NULL, NULL, 'added an order', 1646754734),
(510, 1, NULL, NULL, NULL, NULL, NULL, 'has just deleted a staff', 1651519194),
(511, 32, NULL, NULL, NULL, NULL, NULL, 'was added as a staff', 1651519273),
(512, 32, 'g2q86', NULL, NULL, NULL, NULL, 'added an order', 1651519501),
(513, 32, '6m2ke', NULL, NULL, NULL, NULL, 'added an order', 1663327183),
(514, 32, NULL, 222, NULL, NULL, NULL, 'added an expense', 1663414228),
(515, 1, '5gz6l', NULL, NULL, NULL, NULL, 'added an order', 1664638083),
(516, 1, 'sbq18', NULL, NULL, NULL, NULL, 'added an order', 1667213267),
(517, 1, 'sbq18', NULL, NULL, NULL, NULL, 'added a note', 1667213441),
(518, 1, 'sbq18', NULL, NULL, NULL, NULL, 'added a note', 1667213450),
(519, 1, NULL, NULL, 32, NULL, NULL, 'added a payment', 1667213793),
(520, 1, NULL, NULL, NULL, NULL, NULL, 'has just deleted a staff', 1667228048),
(521, 1, NULL, NULL, NULL, NULL, NULL, 'has just deleted a staff', 1667228064),
(522, 33, NULL, NULL, NULL, NULL, NULL, 'was added as a staff', 1667228297),
(523, 1, NULL, NULL, NULL, NULL, NULL, 'has just deleted a staff', 1667228422),
(524, 1, NULL, NULL, 33, NULL, NULL, 'added a payment', 1667228691),
(525, 1, 'futgv', NULL, NULL, NULL, NULL, 'added an order', 1667309717),
(526, 1, 'mjtyc', NULL, NULL, NULL, NULL, 'added an order', 1667309718),
(527, 1, NULL, 223, NULL, NULL, NULL, 'added an expense', 1677502232),
(528, 1, NULL, 224, NULL, NULL, NULL, 'added an expense', 1677502266),
(529, 1, NULL, 225, NULL, NULL, NULL, 'added an expense', 1677502304),
(530, 1, NULL, NULL, NULL, NULL, NULL, 'added an expense', 1677502386),
(531, 1, NULL, NULL, NULL, NULL, NULL, 'added an expense', 1677502418),
(532, 1, '9umms', NULL, NULL, NULL, NULL, 'added an order', 1695418934),
(533, 1, 'r78rv', NULL, NULL, NULL, NULL, 'added an order', 1695418937),
(534, 1, 'jf71f', NULL, NULL, NULL, NULL, 'added an order', 1695548318),
(535, 1, 'mpqg5', NULL, NULL, NULL, NULL, 'added an order', 1695549582),
(536, 1, 'bgrmq', NULL, NULL, NULL, NULL, 'added an order', 1695550832),
(537, 1, 'ki5dd', NULL, NULL, NULL, NULL, 'added an order', 1695551005),
(538, 1, 'xbl8v', NULL, NULL, NULL, NULL, 'added an order', 1695551435),
(539, 1, '4d4gq', NULL, NULL, NULL, NULL, 'added an order', 1697218752),
(540, 1, 'cf6qb', NULL, NULL, NULL, NULL, 'added an order', 1697219415),
(541, 1, 'uyde8', NULL, NULL, NULL, NULL, 'added an order', 1697219529),
(542, 1, 'x3z7n', NULL, NULL, NULL, NULL, 'added an order', 1697219847),
(543, 1, '65tez', NULL, NULL, NULL, NULL, 'added an order', 1697220621),
(544, 1, '7y1q7', NULL, NULL, NULL, NULL, 'added an order', 1697221370),
(545, 1, 'u116u', NULL, NULL, NULL, NULL, 'added an order', 1697221546),
(546, 1, 'hti1m', NULL, NULL, NULL, NULL, 'added an order', 1697222119),
(547, 1, 'uu4vw', NULL, NULL, NULL, NULL, 'added an order', 1697223540),
(548, 1, 'b99za', NULL, NULL, NULL, NULL, 'added an order', 1697224019),
(549, 1, '5kpz7', NULL, NULL, NULL, NULL, 'added an order', 1697224204),
(550, 1, NULL, 226, NULL, NULL, NULL, 'added an expense', 1697224921),
(551, 1, NULL, NULL, 34, NULL, NULL, 'added a payment', 1697225252),
(552, 1, '1dpmy', NULL, NULL, NULL, NULL, 'added an order', 1697231165),
(553, 1, 't96uw', NULL, NULL, NULL, NULL, 'added an order', 1697231354),
(554, 1, 'idirg', NULL, NULL, NULL, NULL, 'added an order', 1697231585),
(555, 1, NULL, 227, NULL, NULL, NULL, 'added an expense', 1697232184),
(556, 1, NULL, 228, NULL, NULL, NULL, 'added an expense', 1701424615),
(557, 1, NULL, NULL, NULL, NULL, NULL, 'added an expense category', 1701427931),
(558, 1, NULL, 229, NULL, NULL, NULL, 'added an expense', 1701428195),
(559, 1, '3j59g', NULL, NULL, NULL, NULL, 'added an order', 1701531322),
(560, 1, NULL, 230, NULL, NULL, NULL, 'added an expense', 1701531751),
(561, 1, NULL, 231, NULL, NULL, NULL, 'added an expense', 1701531786),
(562, 1, NULL, 232, NULL, NULL, NULL, 'added an expense', 1701531787),
(563, 1, NULL, 233, NULL, NULL, NULL, 'added an expense', 1701531788),
(564, 1, 'swvcj', NULL, NULL, NULL, NULL, 'added an order', 1701684931),
(565, 1, '3tmh8', NULL, NULL, NULL, NULL, 'added an order', 1701685225),
(566, 1, 'eteru', NULL, NULL, NULL, NULL, 'added an order', 1701685635),
(567, 1, 'j8mdu', NULL, NULL, NULL, NULL, 'added an order', 1701685636),
(568, 1, 'v2cta', NULL, NULL, NULL, NULL, 'added an order', 1701693640),
(569, 1, 'mj137', NULL, NULL, NULL, NULL, 'added an order', 1701694457),
(570, 1, NULL, 234, NULL, NULL, NULL, 'added an expense', 1701698663),
(571, 1, 'azdjv', NULL, NULL, NULL, NULL, 'added an order', 1701766783),
(572, 1, NULL, 235, NULL, NULL, NULL, 'added an expense', 1701771163),
(573, 1, NULL, 236, NULL, NULL, NULL, 'added an expense', 1701787904),
(574, 1, 't71kl', NULL, NULL, NULL, NULL, 'added an order', 1701947103),
(575, 1, NULL, 237, NULL, NULL, NULL, 'added an expense', 1701947336),
(576, 1, NULL, 238, NULL, NULL, NULL, 'added an expense', 1701947495),
(577, 1, NULL, 239, NULL, NULL, NULL, 'added an expense', 1701947666),
(578, 1, NULL, 240, NULL, NULL, NULL, 'added an expense', 1701947842),
(579, 1, NULL, 241, NULL, NULL, NULL, 'added an expense', 1701948035),
(580, 1, NULL, 242, NULL, NULL, NULL, 'added an expense', 1701948197),
(581, 1, NULL, 243, NULL, NULL, NULL, 'added an expense', 1701948335),
(582, 1, '883wn', NULL, NULL, NULL, NULL, 'added an order', 1701948692),
(583, 1, NULL, 244, NULL, NULL, NULL, 'added an expense', 1702116576),
(584, 1, NULL, 245, NULL, NULL, NULL, 'added an expense', 1702116702),
(585, 1, NULL, 246, NULL, NULL, NULL, 'added an expense', 1702116953),
(586, 1, NULL, 247, NULL, NULL, NULL, 'added an expense', 1702134456),
(587, 1, NULL, 248, NULL, NULL, NULL, 'added an expense', 1702134541),
(588, 1, NULL, 249, NULL, NULL, NULL, 'added an expense', 1702292693),
(589, 1, NULL, 250, NULL, NULL, NULL, 'added an expense', 1702292808),
(590, 1, NULL, 251, NULL, NULL, NULL, 'added an expense', 1702292869),
(591, 1, NULL, 252, NULL, NULL, NULL, 'added an expense', 1702301939),
(592, 1, 'rfray', NULL, NULL, NULL, NULL, 'added an order', 1702302253),
(593, 1, '8j5z2', NULL, NULL, NULL, NULL, 'added an order', 1702480135),
(594, 1, NULL, 253, NULL, NULL, NULL, 'added an expense', 1702480441),
(595, 1, NULL, 254, NULL, NULL, NULL, 'added an expense', 1702480523),
(596, 1, NULL, 255, NULL, NULL, NULL, 'added an expense', 1702566795),
(597, 1, NULL, 256, NULL, NULL, NULL, 'added an expense', 1702628980),
(598, 1, NULL, 257, NULL, NULL, NULL, 'added an expense', 1702652478),
(599, 1, NULL, 258, NULL, NULL, NULL, 'added an expense', 1702652544),
(600, 1, NULL, 259, NULL, NULL, NULL, 'added an expense', 1702652712),
(601, 1, NULL, 260, NULL, NULL, NULL, 'added an expense', 1702657297),
(602, 1, NULL, 261, NULL, NULL, NULL, 'added an expense', 1702736079),
(603, 1, NULL, 262, NULL, NULL, NULL, 'added an expense', 1702736231),
(604, 1, NULL, 263, NULL, NULL, NULL, 'added an expense', 1702736308),
(605, 1, NULL, 264, NULL, NULL, NULL, 'added an expense', 1702736419),
(606, 1, NULL, 265, NULL, NULL, NULL, 'added an expense', 1702738244),
(607, 1, NULL, 266, NULL, NULL, NULL, 'added an expense', 1702738312),
(608, 1, NULL, 267, NULL, NULL, NULL, 'added an expense', 1702738366),
(609, 1, NULL, NULL, 35, NULL, NULL, 'added a payment', 1702762574),
(610, 1, NULL, NULL, 36, NULL, NULL, 'added a payment', 1702763229),
(611, 1, 'f9zpq', NULL, NULL, NULL, NULL, 'added a note', 1702763296),
(612, 1, NULL, NULL, 37, NULL, NULL, 'added a payment', 1702763531),
(613, 1, NULL, NULL, 38, NULL, NULL, 'added a payment', 1702763681),
(614, 1, '5ypsf', NULL, NULL, NULL, NULL, 'added a note', 1703078120),
(615, 1, NULL, NULL, 39, NULL, NULL, 'added a payment', 1703078334),
(616, 1, NULL, NULL, 40, NULL, NULL, 'added a payment', 1703078389),
(617, 1, NULL, NULL, 41, NULL, NULL, 'added a payment', 1703078463),
(618, 1, NULL, 268, NULL, NULL, NULL, 'added an expense', 1703086103),
(619, 1, NULL, 269, NULL, NULL, NULL, 'added an expense', 1703086204),
(620, 1, NULL, 270, NULL, NULL, NULL, 'added an expense', 1703086252),
(621, 1, NULL, 271, NULL, NULL, NULL, 'added an expense', 1703086327),
(622, 1, NULL, 272, NULL, NULL, NULL, 'added an expense', 1703086465),
(623, 1, NULL, NULL, 8, NULL, NULL, 'added a payment', 1703101749),
(624, 34, NULL, NULL, NULL, NULL, NULL, 'was added as a staff', 1703104753),
(625, 1, NULL, NULL, 42, NULL, NULL, 'added a payment', 1703166088),
(626, 1, NULL, 273, NULL, NULL, NULL, 'added an expense', 1703166525),
(627, 1, NULL, 274, NULL, NULL, NULL, 'added an expense', 1703166795),
(628, 1, NULL, NULL, 43, NULL, NULL, 'added a payment', 1703166960),
(629, 1, NULL, 275, NULL, NULL, NULL, 'added an expense', 1703177464),
(630, 1, NULL, 276, NULL, NULL, NULL, 'added an expense', 1703346581),
(631, 1, NULL, 277, NULL, NULL, NULL, 'added an expense', 1703346734),
(632, 1, NULL, 278, NULL, NULL, NULL, 'added an expense', 1703346845),
(633, 1, NULL, 279, NULL, NULL, NULL, 'added an expense', 1703350755),
(634, 1, NULL, 280, NULL, NULL, NULL, 'added an expense', 1703686766),
(635, 1, NULL, NULL, 44, NULL, NULL, 'added a payment', 1703687234),
(636, 1, NULL, NULL, 45, NULL, NULL, 'added a payment', 1703687291),
(637, 1, NULL, NULL, 46, NULL, NULL, 'added a payment', 1703687360),
(638, 1, NULL, 281, NULL, NULL, NULL, 'added an expense', 1703773078),
(639, 1, NULL, 282, NULL, NULL, NULL, 'added an expense', 1703773195),
(640, 1, NULL, 283, NULL, NULL, NULL, 'added an expense', 1703773349),
(641, 1, NULL, NULL, 47, NULL, NULL, 'added a payment', 1703773525),
(642, 1, NULL, NULL, 48, NULL, NULL, 'added a payment', 1703853123),
(643, 1, '27fpz', NULL, NULL, NULL, NULL, 'added an order', 1703943625),
(644, 1, '27fpz', NULL, NULL, NULL, NULL, 'added a note', 1703943772),
(645, 1, '27fpz', NULL, NULL, NULL, NULL, 'updated an order', 1703943772),
(646, 1, NULL, NULL, 49, NULL, NULL, 'added a payment', 1703943788),
(647, 1, NULL, 284, NULL, NULL, NULL, 'added an expense', 1703943926),
(648, 1, NULL, 285, NULL, NULL, NULL, 'added an expense', 1704360261),
(649, 1, NULL, 286, NULL, NULL, NULL, 'added an expense', 1704360322),
(650, 1, NULL, 287, NULL, NULL, NULL, 'added an expense', 1704360874),
(651, 1, NULL, 288, NULL, NULL, NULL, 'added an expense', 1704361057),
(652, 1, NULL, 289, NULL, NULL, NULL, 'added an expense', 1704361135),
(653, 1, 'g7xym', NULL, NULL, NULL, NULL, 'added an order', 1704372390),
(654, 1, NULL, 290, NULL, NULL, NULL, 'added an expense', 1704442425),
(655, 1, NULL, 291, NULL, NULL, NULL, 'added an expense', 1704442477),
(656, 1, NULL, 292, NULL, NULL, NULL, 'added an expense', 1704442530),
(657, 1, NULL, 293, NULL, NULL, NULL, 'added an expense', 1704442588),
(658, 1, NULL, 294, NULL, NULL, NULL, 'added an expense', 1704442644),
(659, 1, NULL, 295, NULL, NULL, NULL, 'added an expense', 1704457305),
(660, 1, NULL, 296, NULL, NULL, NULL, 'added an expense', 1704457406),
(661, 1, NULL, NULL, 50, NULL, NULL, 'added a payment', 1704458440),
(662, 1, NULL, NULL, 51, NULL, NULL, 'added a payment', 1704458489),
(663, 1, NULL, NULL, 52, NULL, NULL, 'added a payment', 1704468079),
(664, 1, NULL, 297, NULL, NULL, NULL, 'added an expense', 1704474533),
(665, 1, NULL, NULL, 53, NULL, NULL, 'added a payment', 1704474589),
(666, 1, NULL, 298, NULL, NULL, NULL, 'added an expense', 1704701467),
(667, 1, NULL, 299, NULL, NULL, NULL, 'added an expense', 1704712603),
(668, 1, NULL, 300, NULL, NULL, NULL, 'added an expense', 1704729348),
(669, 1, NULL, NULL, 54, NULL, NULL, 'added a payment', 1704807393),
(670, 1, NULL, 301, NULL, NULL, NULL, 'added an expense', 1704807453),
(671, 1, NULL, 302, NULL, NULL, NULL, 'added an expense', 1704808551),
(672, 1, NULL, NULL, 55, NULL, NULL, 'added a payment', 1704813117),
(673, 1, NULL, NULL, 56, NULL, NULL, 'added a payment', 1704968980),
(674, 1, NULL, NULL, 55, NULL, NULL, 'added a payment', 1704969096),
(675, 1, NULL, 303, NULL, NULL, NULL, 'added an expense', 1704969192),
(676, 1, NULL, NULL, 57, NULL, NULL, 'added a payment', 1704969508),
(677, 1, NULL, 304, NULL, NULL, NULL, 'added an expense', 1704983522),
(678, 1, NULL, 305, NULL, NULL, NULL, 'added an expense', 1705080080),
(679, 1, NULL, 306, NULL, NULL, NULL, 'added an expense', 1705159069),
(680, 1, NULL, NULL, 58, NULL, NULL, 'added a payment', 1705159168),
(681, 1, '53vos', NULL, NULL, NULL, NULL, 'added an order', 1705172586),
(682, 1, 'lq7w6', NULL, NULL, NULL, NULL, 'added an order', 1705172688),
(683, 1, 'bmsci', NULL, NULL, NULL, NULL, 'added an order', 1705172965),
(684, 1, NULL, NULL, 59, NULL, NULL, 'added a payment', 1705173053),
(685, 1, 'vfli5', NULL, NULL, NULL, NULL, 'added a note', 1705308994),
(686, 1, 'vfli5', NULL, NULL, NULL, NULL, 'updated an order', 1705308994),
(687, 1, NULL, NULL, 60, NULL, NULL, 'added a payment', 1705309028),
(688, 1, 'yyv6r', NULL, NULL, NULL, NULL, 'added an order', 1705321770),
(689, 1, NULL, 307, NULL, NULL, NULL, 'added an expense', 1705321880),
(690, 1, NULL, 308, NULL, NULL, NULL, 'added an expense', 1705321923),
(691, 1, 'ng8ef', NULL, NULL, NULL, NULL, 'added an order', 1705331137),
(692, 1, 'd3iac', NULL, NULL, NULL, NULL, 'added an order', 1705331700),
(693, 1, NULL, NULL, 61, NULL, NULL, 'added a payment', 1705400496),
(694, 1, NULL, 309, NULL, NULL, NULL, 'added an expense', 1705400578),
(695, 1, NULL, NULL, 62, NULL, NULL, 'added a payment', 1705406201),
(696, 1, NULL, NULL, 63, NULL, NULL, 'added a payment', 1705407517),
(697, 1, 'ada7a', NULL, NULL, NULL, NULL, 'added an order', 1705500361),
(698, 1, '6e6to', NULL, NULL, NULL, NULL, 'added an order', 1705500487),
(699, 1, NULL, 310, NULL, NULL, NULL, 'added an expense', 1705500731),
(700, 1, NULL, 311, NULL, NULL, NULL, 'added an expense', 1705500731),
(701, 1, 'silbc', NULL, NULL, NULL, NULL, 'added an order', 1705500751),
(702, 1, 'lhp22', NULL, NULL, NULL, NULL, 'added an order', 1705500884),
(703, 1, 'w6m1f', NULL, NULL, NULL, NULL, 'added an order', 1705501210),
(704, 1, 'w51ko', NULL, NULL, NULL, NULL, 'added an order', 1705501482),
(705, 1, 'm2dhs', NULL, NULL, NULL, NULL, 'added an order', 1705501679),
(706, 1, 'llxgu', NULL, NULL, NULL, NULL, 'added an order', 1705501854),
(707, 1, 'bclyf', NULL, NULL, NULL, NULL, 'added an order', 1705502082),
(708, 1, 'hhz74', NULL, NULL, NULL, NULL, 'added an order', 1705502254),
(709, 1, 'k4rc7', NULL, NULL, NULL, NULL, 'added an order', 1705502387),
(710, 1, 'sspc8', NULL, NULL, NULL, NULL, 'added an order', 1705502407),
(711, 1, 'vdyie', NULL, NULL, NULL, NULL, 'added an order', 1705502417),
(712, 1, '9rpw1', NULL, NULL, NULL, NULL, 'added an order', 1705502748),
(713, 1, NULL, NULL, 64, NULL, NULL, 'added a payment', 1705502816),
(714, 1, 'fwih8', NULL, NULL, NULL, NULL, 'added an order', 1705502904),
(715, 1, '88kdk', NULL, NULL, NULL, NULL, 'added an order', 1705502979),
(716, 1, '67hfk', NULL, NULL, NULL, NULL, 'added an order', 1705503128),
(717, 1, '8ffo1', NULL, NULL, NULL, NULL, 'added an order', 1705504047),
(718, 1, NULL, NULL, 65, NULL, NULL, 'added a payment', 1705505813),
(719, 1, NULL, NULL, NULL, NULL, NULL, 'added an expense', 1705505919),
(720, 1, NULL, NULL, 66, NULL, NULL, 'added a payment', 1705520581),
(721, 1, NULL, 312, NULL, NULL, NULL, 'added an expense', 1705577511),
(722, 1, NULL, NULL, 67, NULL, NULL, 'added a payment', 1705578672),
(723, 1, NULL, NULL, 68, NULL, NULL, 'added a payment', 1705578756),
(724, 1, NULL, NULL, 69, NULL, NULL, 'added a payment', 1705578799),
(725, 1, NULL, NULL, 70, NULL, NULL, 'added a payment', 1705578956),
(726, 1, NULL, NULL, 71, NULL, NULL, 'added a payment', 1705579076),
(727, 1, 'ma15j', NULL, NULL, NULL, NULL, 'added an order', 1705586166),
(728, 1, NULL, NULL, 72, NULL, NULL, 'added a payment', 1705919033),
(729, 1, NULL, 313, NULL, NULL, NULL, 'added an expense', 1705919429),
(730, 1, NULL, 314, NULL, NULL, NULL, 'added an expense', 1705919508),
(731, 1, NULL, 315, NULL, NULL, NULL, 'added an expense', 1705919558),
(732, 1, NULL, 316, NULL, NULL, NULL, 'added an expense', 1705919682),
(733, 1, 'p69hh', NULL, NULL, NULL, NULL, 'added an order', 1705935007),
(734, 1, NULL, 317, NULL, NULL, NULL, 'added an expense', 1706003808),
(735, 1, 'ma15j', NULL, NULL, NULL, NULL, 'added a note', 1706019375),
(736, 1, 'ma15j', NULL, NULL, NULL, NULL, 'updated an order', 1706019375),
(737, 1, NULL, NULL, 73, NULL, NULL, 'added a payment', 1706019407),
(738, 1, '56ouy', NULL, NULL, NULL, NULL, 'added a note', 1706024548),
(739, 1, '56ouy', NULL, NULL, NULL, NULL, 'updated an order', 1706024548),
(740, 1, 'hhz74', NULL, NULL, NULL, NULL, 'added a note', 1706024652),
(741, 1, 'hhz74', NULL, NULL, NULL, NULL, 'updated an order', 1706024652),
(742, 1, 'hhz74', NULL, NULL, NULL, NULL, 'added a note', 1706024654),
(743, 1, 'hhz74', NULL, NULL, NULL, NULL, 'updated an order', 1706024654),
(744, 1, 'hhz74', NULL, NULL, NULL, NULL, 'added a note', 1706024657),
(745, 1, 'hhz74', NULL, NULL, NULL, NULL, 'updated an order', 1706024657),
(746, 1, '4pdc9', NULL, NULL, NULL, NULL, 'added an order', 1706040054),
(747, 1, 'v2seh', NULL, NULL, NULL, NULL, 'added an order', 1706040129),
(748, 1, 'x9jkx', NULL, NULL, NULL, NULL, 'added an order', 1706040252),
(749, 1, NULL, NULL, 74, NULL, NULL, 'added a payment', 1706111715),
(750, 1, NULL, 318, NULL, NULL, NULL, 'added an expense', 1706111810),
(751, 1, NULL, 319, NULL, NULL, NULL, 'added an expense', 1706111848),
(752, 1, NULL, 320, NULL, NULL, NULL, 'added an expense', 1706111908),
(753, 1, '87dyf', NULL, NULL, NULL, NULL, 'added an order', 1706192286),
(754, 1, '1me9g', NULL, NULL, NULL, NULL, 'added an order', 1706192745),
(755, 1, 'x9jkx', NULL, NULL, NULL, NULL, 'added a note', 1706192902),
(756, 1, 'x9jkx', NULL, NULL, NULL, NULL, 'updated an order', 1706192902),
(757, 1, 'y9ddx', NULL, NULL, NULL, NULL, 'added an order', 1706195322),
(758, 1, '3aszm', NULL, NULL, NULL, NULL, 'added an order', 1706199390),
(759, 1, NULL, 321, NULL, NULL, NULL, 'added an expense', 1706199539),
(760, 1, NULL, 322, NULL, NULL, NULL, 'added an expense', 1706199646),
(761, 1, NULL, NULL, NULL, NULL, NULL, 'added an expense', 1706199692),
(762, 1, NULL, 323, NULL, NULL, NULL, 'added an expense', 1706199823),
(763, 1, NULL, 324, NULL, NULL, NULL, 'added an expense', 1706367343),
(764, 1, NULL, 325, NULL, NULL, NULL, 'added an expense', 1706367408),
(765, 1, NULL, 326, NULL, NULL, NULL, 'added an expense', 1706367457),
(766, 1, NULL, NULL, 75, NULL, NULL, 'added a payment', 1706368650),
(767, 1, NULL, NULL, 76, NULL, NULL, 'added a payment', 1706525509),
(768, 1, NULL, NULL, 77, NULL, NULL, 'added a payment', 1706525587),
(769, 1, NULL, NULL, 78, NULL, NULL, 'added a payment', 1706526382),
(770, 1, NULL, 327, NULL, NULL, NULL, 'added an expense', 1706544036),
(771, 1, NULL, 328, NULL, NULL, NULL, 'added an expense', 1706544062),
(772, 1, NULL, 329, NULL, NULL, NULL, 'added an expense', 1706544146),
(773, 1, 'rtk5v', NULL, NULL, NULL, NULL, 'added an order', 1706616930),
(774, 1, NULL, 330, NULL, NULL, NULL, 'added an expense', 1706617010),
(775, 1, 'ddhsg', NULL, NULL, NULL, NULL, 'added an order', 1706617669),
(776, 1, 'l8vmj', NULL, NULL, NULL, NULL, 'added a note', 1706702285),
(777, 1, 'l8vmj', NULL, NULL, NULL, NULL, 'updated an order', 1706702285),
(778, 1, NULL, NULL, 79, NULL, NULL, 'added a payment', 1706702310),
(779, 1, 'ag2ln', NULL, NULL, NULL, NULL, 'added a note', 1706702477),
(780, 1, 'ag2ln', NULL, NULL, NULL, NULL, 'updated an order', 1706702477),
(781, 1, NULL, NULL, 80, NULL, NULL, 'added a payment', 1706702502),
(782, 1, NULL, 331, NULL, NULL, NULL, 'added an expense', 1706702587),
(783, 1, NULL, 332, NULL, NULL, NULL, 'added an expense', 1706720352),
(784, 1, NULL, 333, NULL, NULL, NULL, 'added an expense', 1706720475),
(785, 1, NULL, NULL, 81, NULL, NULL, 'added a payment', 1706785486),
(786, 1, NULL, NULL, 82, NULL, NULL, 'added a payment', 1706785533),
(787, 1, NULL, NULL, 83, NULL, NULL, 'added a payment', 1706804539),
(788, 1, NULL, 334, NULL, NULL, NULL, 'added an expense', 1706804760),
(789, 1, NULL, 335, NULL, NULL, NULL, 'added an expense', 1706804811),
(790, 1, NULL, 336, NULL, NULL, NULL, 'added an expense', 1706804890),
(791, 1, NULL, 337, NULL, NULL, NULL, 'added an expense', 1706888615),
(792, 1, NULL, NULL, 84, NULL, NULL, 'added a payment', 1706959260),
(793, 1, 'ann3n', NULL, NULL, NULL, NULL, 'added an order', 1706959586),
(794, 1, NULL, NULL, 85, NULL, NULL, 'added a payment', 1706959667),
(795, 1, 'bxj2s', NULL, NULL, NULL, NULL, 'added an order', 1706960213),
(796, 1, NULL, NULL, 86, NULL, NULL, 'added a payment', 1707151851),
(797, 1, NULL, 338, NULL, NULL, NULL, 'added an expense', 1707151939),
(798, 1, NULL, 339, NULL, NULL, NULL, 'added an expense', 1707152033),
(799, 1, NULL, 340, NULL, NULL, NULL, 'added an expense', 1707152133),
(800, 1, NULL, 341, NULL, NULL, NULL, 'added an expense', 1707152193),
(801, 1, NULL, 342, NULL, NULL, NULL, 'added an expense', 1707152231),
(802, 1, NULL, 343, NULL, NULL, NULL, 'added an expense', 1707152269),
(803, 1, NULL, NULL, 87, NULL, NULL, 'added a payment', 1707152343),
(804, 1, '8c7wc', NULL, NULL, NULL, NULL, 'added a note', 1707152412),
(805, 1, NULL, NULL, 87, NULL, NULL, 'added a payment', 1707152432),
(806, 1, 'pc5pr', NULL, NULL, NULL, NULL, 'added an order', 1707233882),
(807, 1, NULL, 344, NULL, NULL, NULL, 'added an expense', 1707234386),
(808, 1, NULL, 345, NULL, NULL, NULL, 'added an expense', 1707234440),
(809, 1, NULL, 346, NULL, NULL, NULL, 'added an expense', 1707234481),
(810, 1, NULL, 347, NULL, NULL, NULL, 'added an expense', 1707234538),
(811, 1, NULL, NULL, 88, NULL, NULL, 'added a payment', 1707234651),
(812, 1, '13m45', NULL, NULL, NULL, NULL, 'added a note', 1707305692),
(813, 1, '13m45', NULL, NULL, NULL, NULL, 'updated an order', 1707305692),
(814, 1, NULL, NULL, 89, NULL, NULL, 'added a payment', 1707305720),
(815, 1, NULL, NULL, 90, NULL, NULL, 'added a payment', 1707305762);
INSERT INTO `activities` (`id`, `staff_id`, `order_id`, `expense_id`, `payment_id`, `invoice_id`, `customer_id`, `comment`, `timestamp`) VALUES
(816, 1, NULL, 348, NULL, NULL, NULL, 'added an expense', 1707306557),
(817, 1, NULL, 349, NULL, NULL, NULL, 'added an expense', 1707311721),
(818, 1, NULL, 350, NULL, NULL, NULL, 'added an expense', 1707312212),
(819, 1, NULL, 351, NULL, NULL, NULL, 'added an expense', 1707312266),
(820, 1, NULL, 352, NULL, NULL, NULL, 'added an expense', 1707312356),
(821, 1, NULL, 353, NULL, NULL, NULL, 'added an expense', 1707575896),
(822, 1, NULL, 354, NULL, NULL, NULL, 'added an expense', 1707575953),
(823, 1, NULL, 355, NULL, NULL, NULL, 'added an expense', 1707575991),
(824, 1, NULL, 356, NULL, NULL, NULL, 'added an expense', 1707576034),
(825, 1, NULL, 357, NULL, NULL, NULL, 'added an expense', 1707576105),
(826, 1, NULL, 358, NULL, NULL, NULL, 'added an expense', 1707576151),
(827, 1, NULL, NULL, 91, NULL, NULL, 'added a payment', 1707577157),
(828, 1, NULL, NULL, 92, NULL, NULL, 'added a payment', 1707577313),
(829, 1, 'dgox4', NULL, NULL, NULL, NULL, 'added an order', 1707733375),
(830, 1, 'gjtqd', NULL, NULL, NULL, NULL, 'added an order', 1707734479),
(831, 1, NULL, 359, NULL, NULL, NULL, 'added an expense', 1707734544),
(832, 1, 'gjtqd', NULL, NULL, NULL, NULL, 'added a note', 1707735003),
(833, 1, NULL, NULL, 93, NULL, NULL, 'added a payment', 1707735043),
(834, 1, NULL, NULL, 94, NULL, NULL, 'added a payment', 1707735111),
(835, 1, 'en9fb', NULL, NULL, NULL, NULL, 'added an order', 1707928066),
(836, 1, NULL, 360, NULL, NULL, NULL, 'added an expense', 1707928233),
(837, 1, NULL, 361, NULL, NULL, NULL, 'added an expense', 1707928291),
(838, 1, NULL, 362, NULL, NULL, NULL, 'added an expense', 1707928368),
(839, 1, NULL, NULL, 95, NULL, NULL, 'added a payment', 1707928746),
(840, 1, NULL, NULL, 96, NULL, NULL, 'added a payment', 1707928825),
(841, 1, NULL, 363, NULL, NULL, NULL, 'added an expense', 1708013452),
(842, 1, NULL, 364, NULL, NULL, NULL, 'added an expense', 1708013479),
(843, 1, NULL, 365, NULL, NULL, NULL, 'added an expense', 1708358853),
(844, 1, NULL, 366, NULL, NULL, NULL, 'added an expense', 1708358907),
(845, 1, NULL, 367, NULL, NULL, NULL, 'added an expense', 1708358951),
(846, 1, NULL, 368, NULL, NULL, NULL, 'added an expense', 1708359140),
(847, 1, NULL, 369, NULL, NULL, NULL, 'added an expense', 1708359852),
(848, 1, NULL, 370, NULL, NULL, NULL, 'added an expense', 1708437028),
(849, 1, NULL, 371, NULL, NULL, NULL, 'added an expense', 1708437069),
(850, 1, NULL, 372, NULL, NULL, NULL, 'added an expense', 1708437139),
(851, 1, NULL, 373, NULL, NULL, NULL, 'added an expense', 1708437221),
(852, 1, NULL, NULL, 97, NULL, NULL, 'added a payment', 1708437354),
(853, 1, NULL, NULL, 98, NULL, NULL, 'added a payment', 1708437466),
(854, 1, NULL, 374, NULL, NULL, NULL, 'added an expense', 1708446902),
(855, 1, NULL, 375, NULL, NULL, NULL, 'added an expense', 1708446968),
(856, 1, NULL, 376, NULL, NULL, NULL, 'added an expense', 1708446996),
(857, 1, NULL, NULL, 99, NULL, NULL, 'added a payment', 1708527476),
(858, 1, NULL, NULL, 100, NULL, NULL, 'added a payment', 1708527518),
(859, 1, NULL, 377, NULL, NULL, NULL, 'added an expense', 1708527607),
(860, 1, NULL, 378, NULL, NULL, NULL, 'added an expense', 1708527637),
(861, 1, NULL, 379, NULL, NULL, NULL, 'added an expense', 1708527670),
(862, 1, NULL, 380, NULL, NULL, NULL, 'added an expense', 1708527707),
(863, 1, NULL, NULL, 101, NULL, NULL, 'added a payment', 1708616752),
(864, 1, NULL, NULL, 102, NULL, NULL, 'added a payment', 1708616832),
(865, 1, NULL, NULL, 103, NULL, NULL, 'added a payment', 1708617459),
(866, 1, NULL, 381, NULL, NULL, NULL, 'added an expense', 1708960197),
(867, 1, NULL, 382, NULL, NULL, NULL, 'added an expense', 1708960312),
(868, 1, NULL, 383, NULL, NULL, NULL, 'added an expense', 1708960379),
(869, 1, NULL, 384, NULL, NULL, NULL, 'added an expense', 1708960424),
(870, 1, NULL, 385, NULL, NULL, NULL, 'added an expense', 1708960468),
(871, 1, NULL, 386, NULL, NULL, NULL, 'added an expense', 1708960507),
(872, 1, NULL, 387, NULL, NULL, NULL, 'added an expense', 1708960550),
(873, 1, NULL, NULL, 104, NULL, NULL, 'added a payment', 1708961017),
(874, 1, 't4ok8', NULL, NULL, NULL, NULL, 'added an order', 1709051987),
(875, 1, 'zyfo7', NULL, NULL, NULL, NULL, 'added an order', 1709051988),
(876, 1, NULL, NULL, 105, NULL, NULL, 'added a payment', 1709115598),
(877, 1, NULL, NULL, 106, NULL, NULL, 'added a payment', 1709537476),
(878, 1, NULL, NULL, 107, NULL, NULL, 'added a payment', 1709537575),
(879, 1, NULL, 388, NULL, NULL, NULL, 'added an expense', 1709537830),
(880, 1, NULL, 389, NULL, NULL, NULL, 'added an expense', 1709537900),
(881, 1, NULL, 390, NULL, NULL, NULL, 'added an expense', 1709537965),
(882, 1, NULL, 391, NULL, NULL, NULL, 'added an expense', 1709538029),
(883, 1, NULL, 392, NULL, NULL, NULL, 'added an expense', 1709538073),
(884, 1, NULL, 393, NULL, NULL, NULL, 'added an expense', 1709538172),
(885, 1, NULL, 394, NULL, NULL, NULL, 'added an expense', 1709538283),
(886, 1, NULL, 395, NULL, NULL, NULL, 'added an expense', 1709538333),
(887, 1, NULL, 396, NULL, NULL, NULL, 'added an expense', 1709538374),
(888, 1, NULL, 397, NULL, NULL, NULL, 'added an expense', 1709538465),
(889, 1, NULL, 398, NULL, NULL, NULL, 'added an expense', 1709538495),
(890, 1, NULL, 399, NULL, NULL, NULL, 'added an expense', 1709538565),
(891, 1, NULL, 400, NULL, NULL, NULL, 'added an expense', 1709569665),
(892, 1, NULL, 401, NULL, NULL, NULL, 'added an expense', 1709569779),
(893, 1, NULL, 402, NULL, NULL, NULL, 'added an expense', 1709569793),
(894, 1, NULL, 403, NULL, NULL, NULL, 'added an expense', 1709569864),
(895, 1, NULL, 404, NULL, NULL, NULL, 'added an expense', 1710235971),
(896, 1, NULL, 405, NULL, NULL, NULL, 'added an expense', 1710236033),
(897, 1, NULL, 406, NULL, NULL, NULL, 'added an expense', 1710236069),
(898, 1, NULL, 407, NULL, NULL, NULL, 'added an expense', 1710236233),
(899, 1, NULL, 408, NULL, NULL, NULL, 'added an expense', 1710236346),
(900, 1, NULL, 409, NULL, NULL, NULL, 'added an expense', 1710236418),
(901, 1, NULL, 410, NULL, NULL, NULL, 'added an expense', 1710236552),
(902, 1, NULL, 411, NULL, NULL, NULL, 'added an expense', 1710236666),
(903, 1, NULL, 412, NULL, NULL, NULL, 'added an expense', 1710409187),
(904, 1, NULL, 413, NULL, NULL, NULL, 'added an expense', 1710411503),
(905, 1, NULL, 414, NULL, NULL, NULL, 'added an expense', 1710411567),
(906, 1, NULL, 415, NULL, NULL, NULL, 'added an expense', 1710411790),
(907, 1, NULL, NULL, 108, NULL, NULL, 'added a payment', 1710411875),
(908, 1, NULL, 416, NULL, NULL, NULL, 'added an expense', 1712046212),
(909, 1, NULL, 417, NULL, NULL, NULL, 'added an expense', 1712046353),
(910, 1, NULL, 418, NULL, NULL, NULL, 'added an expense', 1712046459),
(911, 1, NULL, 419, NULL, NULL, NULL, 'added an expense', 1712046520),
(912, 1, NULL, 420, NULL, NULL, NULL, 'added an expense', 1712046615),
(913, 1, NULL, 421, NULL, NULL, NULL, 'added an expense', 1712046659),
(914, 1, NULL, 422, NULL, NULL, NULL, 'added an expense', 1712046724),
(915, 1, NULL, 423, NULL, NULL, NULL, 'added an expense', 1712046843),
(916, 1, NULL, 424, NULL, NULL, NULL, 'added an expense', 1712046919),
(917, 1, NULL, 425, NULL, NULL, NULL, 'added an expense', 1712046999),
(918, 1, NULL, 426, NULL, NULL, NULL, 'added an expense', 1712047286),
(919, 1, NULL, 427, NULL, NULL, NULL, 'added an expense', 1712047390),
(920, 1, NULL, 428, NULL, NULL, NULL, 'added an expense', 1712047465),
(921, 1, NULL, 429, NULL, NULL, NULL, 'added an expense', 1712047586),
(922, 1, NULL, 430, NULL, NULL, NULL, 'added an expense', 1712047694),
(923, 1, NULL, 431, NULL, NULL, NULL, 'added an expense', 1712047763),
(924, 1, NULL, 432, NULL, NULL, NULL, 'added an expense', 1712047819),
(925, 1, NULL, 433, NULL, NULL, NULL, 'added an expense', 1712047885),
(926, 1, NULL, 434, NULL, NULL, NULL, 'added an expense', 1712047954),
(927, 1, NULL, 435, NULL, NULL, NULL, 'added an expense', 1712048126),
(928, 1, NULL, 436, NULL, NULL, NULL, 'added an expense', 1712048328),
(929, 1, NULL, 437, NULL, NULL, NULL, 'added an expense', 1712048419),
(930, 1, NULL, 438, NULL, NULL, NULL, 'added an expense', 1712048498),
(931, 1, NULL, 439, NULL, NULL, NULL, 'added an expense', 1712048554),
(932, 1, NULL, 440, NULL, NULL, NULL, 'added an expense', 1712160731),
(933, 1, NULL, 441, NULL, NULL, NULL, 'added an expense', 1712160786),
(934, 1, NULL, 442, NULL, NULL, NULL, 'added an expense', 1712160859),
(935, 1, NULL, 443, NULL, NULL, NULL, 'added an expense', 1712160909),
(936, 1, '7m9t4', NULL, NULL, NULL, NULL, 'added an order', 1712327187),
(937, 1, NULL, 444, NULL, NULL, NULL, 'added an expense', 1712327309),
(938, 1, NULL, 445, NULL, NULL, NULL, 'added an expense', 1712327356),
(939, 1, NULL, 446, NULL, NULL, NULL, 'added an expense', 1712327445),
(940, 1, NULL, 447, NULL, NULL, NULL, 'added an expense', 1723114677),
(941, 1, 'nkipx', NULL, NULL, NULL, NULL, 'added an order', 1723214436),
(942, 1, NULL, 448, NULL, NULL, NULL, 'added an expense', 1723214540),
(943, 1, NULL, 449, NULL, NULL, NULL, 'added an expense', 1723214643),
(1811, 1, NULL, NULL, NULL, 'icxuj', NULL, 'added an invoice', 1731099652),
(1820, 1, NULL, NULL, NULL, 'icxuj', NULL, 'updated an invoice', 1731129191);

-- --------------------------------------------------------

--
-- Table structure for table `customers`
--

CREATE TABLE `customers` (
  `id` int(11) NOT NULL,
  `customer_name` varchar(100) DEFAULT NULL,
  `email` varchar(100) DEFAULT NULL,
  `password` varchar(100) DEFAULT NULL,
  `photo` varchar(100) NOT NULL DEFAULT 'avatar.png',
  `phone` varchar(100) DEFAULT NULL,
  `address` text DEFAULT NULL,
  `suspend` int(11) NOT NULL DEFAULT 0,
  `timestamp` int(11) DEFAULT NULL,
  `month` varchar(100) DEFAULT NULL,
  `year` varchar(100) DEFAULT NULL,
  `birthday` varchar(100) DEFAULT NULL
) ENGINE=InnoDB DEFAULT CHARSET=utf8 COLLATE=utf8_general_ci;

--
-- Dumping data for table `customers`
--

INSERT INTO `customers` (`id`, `customer_name`, `email`, `password`, `photo`, `phone`, `address`, `suspend`, `timestamp`, `month`, `year`, `birthday`) VALUES
(18, 'Aniefon Mathew', '', 'xpx2j6ughr', 'avatar.png', '08026951248', 'traffic warren', 0, 1591795385, 'Jun', '2020', NULL),
(19, 'A H kabashia', '', 'gcqn82m7p9', 'avatar.png', '000', 'uyo', 0, 1591796565, 'Jun', '2020', NULL),
(20, 'Talent creation', 'talentcreations@gmail.cpm', 'je5gzlms4v', 'avatar.png', '07088606504', '205 Aka road', 0, 1591796860, 'Jun', '2020', NULL),
(21, 'NPS job', '', '4tuc7nqh2q', 'avatar.png', '0000', 'hhh', 0, 1591797122, 'Jun', '2020', NULL),
(22, 'Chris udi', '', '391z9mjzne', 'avatar.png', '08037337028', 'uyo', 0, 1591798145, 'Jun', '2020', NULL),
(23, 'violet', '', '2qp3ehp6x6', 'avatar.png', '000000', 'uyo', 0, 1591799934, 'Jun', '2020', NULL),
(24, 'oando', '', 'ifrd5ev9z6', 'avatar.png', '0809', 'uyo', 0, 1591807850, 'Jun', '2020', NULL),
(25, 'emmanel james', '', '3r499ev8j3', 'avatar.png', '08062683435', 'uyo', 0, 1591808084, 'Jun', '2020', NULL),
(26, 'lfc calabar', '', 'k7fpkafqou', 'avatar.png', '08065673539', 'itam', 0, 1591808700, 'Jun', '2020', NULL),
(27, 'uduak tailor robes', '', 'h5l5h46o15', 'avatar.png', '08037127826', 'calabar itu road', 0, 1591809082, 'Jun', '2020', NULL),
(28, 'nteps', '', '19cugcolbn', 'avatar.png', '9000', 'uyo', 0, 1591809352, 'Jun', '2020', NULL),
(29, 'Maxwell Uren', '', '8i68c3usvx', 'avatar.png', '09094695267', 'frsc uyo', 0, 1591809680, 'Jun', '2020', NULL),
(30, 'Adams Force', '', 'ik49h18brx', 'avatar.png', '08064377600', 'mpn base eket', 0, 1591810767, 'Jun', '2020', NULL),
(31, 'Joel strings', '', '1wu8sn2j2c', 'avatar.png', '09034634054', 'Uyo', 0, 1591962719, 'Jun', '2020', NULL),
(32, 'Villageman Tailoring', '', 'ybu5clqc17', 'avatar.png', '+234 816 077 0219', 'Uyo', 0, 1591973086, 'Jun', '2020', NULL),
(33, 'Barr Uduak Ekwere', '', 'lhycgklytv', 'avatar.png', '080-233-07874', 'Osong ama', 0, 1592075569, 'Jun', '2020', NULL),
(34, 'Darlington Udobong', '', 'jhjnbyt3k2', 'avatar.png', '+234 803 513 6638', 'Uyo', 0, 1592151984, 'Jun', '2020', NULL),
(35, 'Buhari Kassim', '', 'uoweqm2y5u', 'avatar.png', '+234 814 401 1415', 'Uyo', 0, 1592318706, 'Jun', '2020', NULL),
(36, 'Mfon Essien', '', 'xz55fejir1', 'avatar.png', '+234 816 240 0880', 'Uyo', 0, 1592319001, 'Jun', '2020', NULL),
(37, 'Iya Bucky', '', 'v2p9fqa8q4', 'avatar.png', '0803 510 2844', 'Perfect fit uyo', 0, 1592319187, 'Jun', '2020', NULL),
(38, 'Ib fashion and designs', '', 'qq3wfr4iwe', 'avatar.png', '07034267293', '27 faith road uyo', 0, 1592319465, 'Jun', '2020', NULL),
(39, 'Kennedy', '', 'x5ucgu7eoh', 'avatar.png', '08165601661', 'Abak. ', 0, 1592321464, 'Jun', '2020', NULL),
(40, 'Hon Ekerete Edet', '', 'je9kvn7anx', 'avatar.png', '+234 905 859 2962', 'Uyo', 0, 1592510511, 'Jun', '2020', NULL),
(41, 'Hon Ekerete Edet', '', '48xey26cq3', 'avatar.png', '+234 708 804 6313', 'Uyo', 0, 1592602457, 'Jun', '2020', NULL),
(42, 'Francis Amida', '', 'zmotgf12bn', 'avatar.png', '+234 802 656 6650', 'Opp uyo high school, uyo', 0, 1592925314, 'Jun', '2020', NULL),
(43, 'Ifiok Edet', '', '2ajpz1xwyh', 'avatar.png', '+234 703 667 4824', 'Uyo', 0, 1592926229, 'Jun', '2020', NULL),
(44, 'Sanusi Temitope', '', 'iecawhb2i8', 'avatar.png', '+234 803 896 7609', 'Uyo', 0, 1593547640, 'Jun', '2020', NULL),
(45, 'Kekere Nkop', '', '8qc3h7so2b', 'avatar.png', '+234 706 515 7567', 'Uyo', 0, 1593548268, 'Jun', '2020', NULL),
(46, 'Aniferar', '', 'ifxiw985oa', 'avatar.png', '080-638-042263', 'Uyo', 0, 1593548546, 'Jun', '2020', NULL),
(47, 'Dani hair collection', '', 'k1btp62rym', 'avatar.png', '00000000', 'Uyo', 0, 1593549926, 'Jun', '2020', NULL),
(48, 'Jude Edet', '', 'cxu88t2wix', 'avatar.png', '+234 909 509 6921', '14 udosen uko street uyo', 0, 1593550452, 'Jun', '2020', NULL),
(49, 'Emmanuel urua( Dazzels)', '', 'lk7pk4esxd', 'avatar.png', '+234 902 671 9636', '35 Paul Bassey Uyo', 0, 1593550978, 'Jun', '2020', NULL),
(50, 'Odama lehe', '', 'h4qtjr3xe5', 'avatar.png', '+234 806 820 1504', 'Ogoja', 0, 1593966568, 'Jul', '2020', NULL),
(51, 'Ime polo', '', 'h4x2xf5t2j', 'avatar.png', '080-347-12199', 'Itiam street , uyo', 0, 1593966804, 'Jul', '2020', NULL),
(52, 'Jesse Odey', '', 'uhpwzv73jf', 'avatar.png', '080-665-55235', 'Eket', 0, 1593966943, 'Jul', '2020', NULL),
(53, 'Otuekong udoebom', '', 'stb2s3ujdq', 'avatar.png', '+234 802 718 8041', 'Uyo', 0, 1593967853, 'Jul', '2020', NULL),
(54, 'Imowo Peter Duff', '', 'qtuecvfswo', 'avatar.png', '+234 802 303 2880', 'Brook street uyo', 0, 1593968267, 'Jul', '2020', NULL),
(55, 'Ubong Udofot', 'ubumoh_007@yahoo.com', '$2y$09$5ns4Tyfi7Yj71eIkTQOfyOPwRVVKmatWrvrcIXgeo8/vfRIAAcFzq', 'avatar.png', '07034701513', 'Shelter Afrique estate extension', 0, 1594586180, 'Jul', '2020', '2020-07-07'),
(56, 'Ola Automobile', '', 'swu8hsetye', 'avatar.png', '657654', 'Uyo', 0, 1595009906, 'Jul', '2020', NULL),
(57, 'Mariatherese OJ', '', '9enghn8vk8', 'avatar.png', '+234 708 001 5843', 'Enwe street uyo', 0, 1595010179, 'Jul', '2020', NULL),
(58, 'Mavicarni pharmacy', '', 'hx3wuw5hk3', 'avatar.png', '09876232', 'Oron road by Udo Udoma,uyo', 0, 1595011049, 'Jul', '2020', NULL),
(59, 'Everlasting Ministry', '', 'y4ga84ubi1', 'avatar.png', '326203', 'Uyo', 0, 1595012787, 'Jul', '2020', NULL),
(60, 'Unyime Tommy', '', 'mo8qgrt28c', 'avatar.png', '07080478818', 'Uyo', 0, 1595013349, 'Jul', '2020', NULL),
(61, 'Ekpong Tomsville Hotels', '', 'tc1xay77re', 'avatar.png', '08082497076', 'Bassey Esau street', 0, 1595014452, 'Jul', '2020', NULL),
(62, 'ANIETIE supreme fashion', '', 'wc5a9ii8ac', 'avatar.png', '11493', 'Uyo', 0, 1595014705, 'Jul', '2020', NULL),
(63, 'Wisdom Printer', '', 'bwkj5dmmjj', 'avatar.png', '+234 708 998 3413', 'Uyo', 0, 1595014904, 'Jul', '2020', NULL),
(64, 'Citadel creations', '', 'eaokf83vtu', 'avatar.png', '080-294-03574', 'Uyo', 0, 1595015336, 'Jul', '2020', NULL),
(65, 'Alan Nkanta ', '', 'wofmcguch8', 'avatar.png', '0806 401 9938', 'Calabar', 0, 1595015565, 'Jul', '2020', NULL),
(66, 'Flower job', '', 'ecrhryanxr', 'avatar.png', '61715', 'Uyo', 0, 1595016302, 'Jul', '2020', NULL),
(67, 'Kennedy salvation army ', '', '4k6lg256wl', 'avatar.png', '+234 802 514 5873', 'Uyo', 0, 1595017708, 'Jul', '2020', NULL),
(68, 'Pat Raymond', '', 'trnd84kqvb', 'avatar.png', '+234 803 473 9878', 'Uyo', 0, 1595109822, 'Jul', '2020', NULL),
(69, 'Carlos Talent', '', 'lt9iao3ld5', 'avatar.png', '08036746411', 'Umoren street uyo', 0, 1595110008, 'Jul', '2020', NULL),
(70, 'Names tag', '', 'icpyph5488', 'avatar.png', '14011505', 'Uyo', 0, 1595973220, 'Jul', '2020', NULL),
(71, 'Nsikak ANIETIE Ubek', '', '6szrlm1o6y', 'avatar.png', '+234 803 222 7310', 'Vio office uyo', 0, 1595973883, 'Jul', '2020', NULL),
(72, 'Roglad', '', '683x2ez2y9', 'avatar.png', '+234 806 449 3445', 'Uyo', 0, 1595976784, 'Jul', '2020', NULL),
(73, 'Rosmhor hotels', '', 'i6kxq9fk1z', 'avatar.png', '+234 808 458 0607', 'Ewet housing uyo', 0, 1595977286, 'Jul', '2020', NULL),
(74, 'Seun', '', 'yids5rmqs4', 'avatar.png', '08037288491', '7 Ekpo Obot street uyo', 0, 1595977436, 'Jul', '2020', NULL),
(75, 'Wonder hands', '', '6v3kkdngya', 'avatar.png', '231514', 'Uyo', 0, 1596312800, 'Aug', '2020', NULL),
(76, 'Gabriel Ekpo', '', 'ew6nrpnwyn', 'avatar.png', '0802 320 6136', 'Uyo', 0, 1596313148, 'Aug', '2020', NULL),
(77, 'Wonder world', '', 'cynjwyo85n', 'avatar.png', '+234 802 374 2941', 'Uyo', 0, 1596313313, 'Aug', '2020', NULL),
(78, 'Leinerd', '', 'vcmsmfj5nj', 'avatar.png', '123914', 'Uyo', 0, 1596319446, 'Aug', '2020', NULL),
(79, 'Sunick', '', 'osbrsa1uky', 'avatar.png', '+234 803 233 0776', 'Uyo', 0, 1596320280, 'Aug', '2020', NULL),
(80, 'Osung', '', 'bdennhrbz9', 'avatar.png', '15192114', 'Uyo', 0, 1596320740, 'Aug', '2020', NULL),
(81, 'Udeme okrikpo', '', '5vo48v7nrb', 'avatar.png', '151118', '', 0, 1596321378, 'Aug', '2020', NULL),
(82, 'Elijah Bako', '', 'h11gjpzr56', 'avatar.png', '+234 816 353 0377', 'Takum .Taraba state', 0, 1596321610, 'Aug', '2020', NULL),
(83, 'Hon Bassey Essien', '', '6rcim33f3r', 'avatar.png', '0803 385 9413', 'Eket', 0, 1596474876, 'Aug', '2020', NULL),
(84, 'Abas', 'abasifrekeudotai@gmail.com', 'k5ef6n2ipx', 'avatar.png', '08135696323', 'Uyl', 0, 1610440951, 'Jan', '2021', NULL),
(85, 'Michael Ubek', 'ubekmichael@gmail.com', '$2y$09$Bo1CbFIncOD3pqWP2ovWYuwSbCtfX6eoIShryx0S5JNnjRseigSGu', 'avatar.png', NULL, NULL, 0, 1621857318, 'May', '2021', NULL),
(86, 'Michael Ubek', 'ubekmichael@gmail.com', '$2y$09$zWPDBf9Rk4RuC7VPRLbydeLxRIwo856vZtAgdXd4ABFTWYEbqdNQ.', 'avatar.png', NULL, NULL, 0, 1621857350, 'May', '2021', NULL),
(87, 'henry akpan', 'aniedibrown59@gmail.com', 'srguy5b3om', 'avatar.png', '+2348063267742', '10 ukpong   street', 0, 1624052329, 'Jun', '2021', NULL),
(88, 'Hour of Worship', '', '889qrhhjdx', 'avatar.png', '08158122512', '', 0, 1625676458, 'Jul', '2021', NULL),
(89, 'Dr otobing', '', 'gciwf74oih', 'avatar.png', '0803 559 8960', 'Uyo', 0, 1625734519, 'Jul', '2021', NULL),
(90, 'Power simon', 'uwemsimon798@gmail.com', '$2y$09$c5znDeBBB70xqVjY0LdrUOamjKSbDCL/GCX.erqJHA4DgbWBJmz3q', 'avatar.png', '07018210723', '2 imatan street ', 0, 1633366446, 'Oct', '2021', '1998-04-04'),
(91, 'Maria Nda', '', 'wpmc1puf9n', 'avatar.png', '080888', '', 0, 1635875791, 'Nov', '2021', NULL),
(92, 'Ebube', 'kkkkk@ggg', 'lc9kdv2s4y', 'avatar.png', '0806 255 7095', 'Uyo', 0, 1646724024, 'Mar', '2022', NULL),
(93, 'Silas okon', 'ggg@gh', 'htnl7elwlf', 'avatar.png', '+234 808 532 9498', 'Uyo', 0, 1646724654, 'Mar', '2022', NULL),
(94, 'Silver product', 'bongistk@gmail.com', 'yi9ehvl4fq', 'avatar.png', '+234 906 708 6087', 'Uyo', 0, 1646729219, 'Mar', '2022', NULL),
(95, 'Milman', 'bongistk@gmail.com', 'eyszakady5', 'avatar.png', '+234 816 846 5574', 'Uyo', 0, 1646738820, 'Mar', '2022', NULL),
(96, 'Talent Creations', 'bongistk@gmail.com', 'fptxjthija', 'avatar.png', '080-236-45508', 'Uyo', 0, 1646754481, 'Mar', '2022', NULL),
(97, 'Abasifreke udotai', 'bongistk@gmail.com', '$2y$09$Avs95nghg0Ogqx4cSz0ZQOvBugJNhBGL12SlYYy4IxsShDcrKCyWG', 'avatar.png', NULL, NULL, 0, 1651528342, 'May', '2022', NULL),
(98, 'Abasifreke udotai', 'bongistk@gmail.com', '$2y$09$s9oOmsxxDWNVxV2cHK9zlequbdOX9OV5oBppml8BddfJgsybUpA2y', 'avatar.png', NULL, NULL, 0, 1651528358, 'May', '2022', NULL),
(99, 'ubong umoh', 'bongistk@gmail.com', '7lf64scd92', 'avatar.png', '08023759106', 'Uyo', 0, 1663327183, 'Sep', '2022', NULL),
(100, 'Edidiong Akpan', 'ediakpan@gmail.com', '85gznarc4h', 'avatar.png', '08068184225', 'Uyo', 0, 1667213267, 'Oct', '2022', NULL),
(101, 'Pst Abang', 'pstabang@gmail.com', '1evw7ymy2k', 'avatar.png', '08037246841', 'Uyo', 0, 1667309717, 'Nov', '2022', NULL),
(102, 'Cordelia udofot', 'nil@gmail.com', 'sms8j9px7s', 'avatar.png', '07067934221', 'ewet housing uyo', 0, 1695418212, 'Sep', '2023', NULL),
(103, 'Anietie', 'anietie@gmail.com', 'ahoh279dtf', 'avatar.png', '+234 802 400 5967', 'Uyo', 0, 1695548318, 'Sep', '2023', NULL),
(104, 'mbuotidem Johnson', 'nil@gmail.com', 'hb21d6qgad', 'avatar.png', '0802379106', 'uyo', 0, 1697219415, 'Oct', '2023', NULL),
(105, 'mrs ekerette David', 'mrsdavid@gmail.com', '28ku9wkbx9', 'avatar.png', '08023350462', 'uyo', 0, 1697220621, 'Oct', '2023', NULL),
(106, 'usen Antia', 'usenantai@gmail.com', 'ax5tywydg9', 'avatar.png', '07011315939', 'uyo', 0, 1697221370, 'Oct', '2023', NULL),
(107, 'Talent', 'talentcreation@gmail.com', 'c1s47lptef', 'avatar.png', '08023645508', '105 aka road\r\nuyo', 0, 1697222119, 'Oct', '2023', NULL),
(108, 'Bladie Utin', 'bladieut@gmail.com', '3fhmc5ovbc', 'avatar.png', '07086596001', 'uyo', 0, 1697223540, 'Oct', '2023', NULL),
(109, 'Mrs Obot', 'mrsobot@gmail.com', '1zrmogarft', 'avatar.png', '08068429909', 'idoro, uyo', 0, 1697224019, 'Oct', '2023', NULL),
(110, 'RK', 'rk@gmai.com', '6j1im551fv', 'avatar.png', '08063795840', 'Four lanes ,uyo', 0, 1697231165, 'Oct', '2023', NULL),
(111, 'Lukman yusuf', 'lukmany@gmail.com', 'mftm3wcbwg', 'avatar.png', '0903 519 9088', 'Uyo', 0, 1701531322, 'Dec', '2023', NULL),
(112, 'sam obio', 'samobio@gmail.com', 'g2l6drgzi8', 'avatar.png', '08077139516', 'uyo', 0, 1701684931, 'Dec', '2023', NULL),
(113, 'Valeray', 'valerjay@gmail', 'sqd5zgyee9', 'avatar.png', '080', 'uyo', 0, 1701685225, 'Dec', '2023', NULL),
(114, 'mfon mkpanang', 'mfonmkpanang@gmail.com', 'xynmapzftp', 'avatar.png', '08065357797', 'uyo', 0, 1701685635, 'Dec', '2023', NULL),
(115, ' luthon park hotel', '', '5iazrq99y1', 'avatar.png', '08064464223', 'luthon parke', 0, 1701693640, 'Dec', '2023', NULL),
(116, 'disignes', '', 'welm39e7ij', 'avatar.png', '08131061088', '', 0, 1701766783, 'Dec', '2023', NULL),
(117, 'uniuyo mufia', '', '6qlxr21qtc', 'avatar.png', '09035199085', '', 0, 1701882328, 'Dec', '2023', NULL),
(118, 'm.o.d logo', '', '33mj9ncj7u', 'avatar.png', '08080250068', 'to day', 0, 1701945758, 'Dec', '2023', NULL),
(119, 'mls', '', 'qjlsrv1p2y', 'avatar.png', '09074242707', '', 0, 1701947103, 'Dec', '2023', NULL),
(120, 'l.f.. c lbom layout', '', 'v8a1gy3q9l', 'avatar.png', '0803435299612', '', 0, 1701948692, 'Dec', '2023', NULL),
(121, 'balance  of 0ron barge ', '', 'gutr6tz1pa', 'avatar.png', '07036288001', '', 0, 1702134168, 'Dec', '2023', NULL),
(122, 'l f c ibom layout', '', '9sfc38ie7k', 'avatar.png', '08034352996', '', 0, 1702291926, 'Dec', '2023', NULL),
(123, 'awings school ', '', 's2dq7rebzp', 'avatar.png', '08028305278', '', 0, 1702292330, 'Dec', '2023', NULL),
(124, 'pharmacist logo/ name ', '', 'bmh9nduyn3', 'avatar.png', '08102603928', '', 0, 1702302253, 'Dec', '2023', NULL),
(125, 'love world logo', '', '34r2oaj2er', 'avatar.png', '08063560414', '', 0, 1702375918, 'Dec', '2023', NULL),
(126, 'neck disgne', '', 'z4z6z39va9', 'avatar.png', '0810043578', '', 0, 1702376539, 'Dec', '2023', NULL),
(127, 'armed squad/ mba u e', '', 'bn1vycgx1y', 'avatar.png', '08039306292', '', 0, 1702479089, 'Dec', '2023', NULL),
(128, 'restoration media/ logo', '', 'l6j599d8ja', 'avatar.png', '09075776648', '', 0, 1702480135, 'Dec', '2023', NULL),
(129, 'roninal school t shirt /back', '', 'xkjw16udor', 'avatar.png', '08024100895', '', 0, 1702480360, 'Dec', '2023', NULL),
(130, 'mma cecila thompson big66/ small36', '', 'yquqxyagx9', 'avatar.png', '08163055673', '', 0, 1702542496, 'Dec', '2023', NULL),
(131, 'mod', '', 'wva1blcotl', 'avatar.png', '07037958646', '', 0, 1702735913, 'Dec', '2023', NULL),
(132, 'towel in loving memory of etebom udoetuk', '', 'mc3gfh2xao', 'avatar.png', '09075121231', '', 0, 1703085887, 'Dec', '2023', NULL),
(133, 'towel akaw ibom logo', '', 'xklshfhpad', 'avatar.png', '08165488907', '', 0, 1703165935, 'Dec', '2023', NULL),
(134, 'towel akwa ibom logo', '', 'ql88to92x5', 'avatar.png', '0816', '', 0, 1703172111, 'Dec', '2023', NULL),
(135, 'earlydays school skyblue 1,white 1,peenafour 1,t shirt3', '', '9l53ehc2a4', 'avatar.png', '09038229844', '', 0, 1703326635, 'Dec', '2023', NULL),
(136, 'ankel empowerment', '', '5k8yvxvanr', 'avatar.png', '08028442171', '', 0, 1703326889, 'Dec', '2023', NULL),
(137, 'eddynco towel', '', 'dsfb3xyjav', 'avatar.png', '08037497153', '', 0, 1703686385, 'Dec', '2023', NULL),
(138, 's p c mufla', '', 'cwap97yw32', 'avatar.png', '08084066644', '', 0, 1703686601, 'Dec', '2023', NULL),
(139, 'towel from towel and more', '', 'engcwh3ww6', 'avatar.png', '08064322051', '', 0, 1703686997, 'Dec', '2023', NULL),
(140, 'chimdy a', '', 'qjhciojq2r', 'avatar.png', '08136290092', '', 0, 1703853073, 'Dec', '2023', NULL),
(141, 'b i s', '', 'sd96fiomf7', 'avatar.png', '08039409303', '', 0, 1703943625, 'Dec', '2023', NULL),
(142, 'design', '', 'f4bycozeiv', 'avatar.png', '07033707826', '', 0, 1704287635, 'Jan', '2024', NULL),
(143, 'lifting grace lnternational school', '', '11bp2lg6ii', 'avatar.png', '0902106234', '', 0, 1704292652, 'Jan', '2024', NULL),
(144, 'utibeabasi udeme albert', '', '1womnhv43t', 'avatar.png', '08038473459', '', 0, 1704294448, 'Jan', '2024', NULL),
(145, 'mikel eze', '', 'hc1onqhym3', 'avatar.png', '08138544568', '', 0, 1704360154, 'Jan', '2024', NULL),
(146, 'anieblet e. archibong', '', '5dqg65b8sr', 'avatar.png', '07083732125', '', 0, 1704372390, 'Jan', '2024', NULL),
(147, 'presbytarian logo', '', 'xzdvt3dded', 'avatar.png', '08168465574', '', 0, 1704458107, 'Jan', '2024', NULL),
(148, 'nkanta', '', 'v7zlmci8pe', 'avatar.png', '08066810706', '', 0, 1704729259, 'Jan', '2024', NULL),
(149, 'premier loto', '', 'saka33rik8', 'avatar.png', '08039443771', '', 0, 1704807344, 'Jan', '2024', NULL),
(150, 'no gree for anybody', '', 'mrey67r16v', 'avatar.png', '09115636190', '', 0, 1704811290, 'Jan', '2024', NULL),
(151, 'david umahi federal university', '', 'hcegas578j', 'avatar.png', '08023169270', '', 0, 1704812074, 'Jan', '2024', NULL),
(152, 'braning hive school ', '', 'g7458uz24h', 'avatar.png', '08146813813', '', 0, 1704813076, 'Jan', '2024', NULL),
(153, 'sandy shirt', '', 'nc5htyiana', 'avatar.png', '07038988021', '', 0, 1704968746, 'Jan', '2024', NULL),
(154, 'brainy hive school', '', 'xuql6qr3x6', 'avatar.png', '07035553119', '', 0, 1704968931, 'Jan', '2024', NULL),
(155, 'brain success  school', '', '5j2f1wbg3f', 'avatar.png', '07036477860', '', 0, 1705079062, 'Jan', '2024', NULL),
(156, 'duvee academy ', '', 'hpirqy8n6f', 'avatar.png', '08063958824', '', 0, 1705079187, 'Jan', '2024', NULL),
(157, 'clenemans engineering ltd sample', '', 'jy7ty2gpv5', 'avatar.png', '08067144524', '', 0, 1705079480, 'Jan', '2024', NULL),
(158, 'abai school ', '', 'off231azi1', 'avatar.png', '08035735681', '', 0, 1705079789, 'Jan', '2024', NULL),
(159, 'Idongesit Etiebiet ', 'idongetiebiet@gmail.com', 'je62cwh4ym', 'avatar.png', '+234 802 291 4064', 'Uyo', 0, 1705172586, 'Jan', '2024', NULL),
(160, 'Ubong George ', 'ubonggeorge@gmail.com', 'syeh88oidh', 'avatar.png', '+234 803 543 7628', 'Uyo', 0, 1705172965, 'Jan', '2024', NULL),
(161, 'city and guild', '', '8o3qor61o1', 'avatar.png', '07037213813', '', 0, 1705321769, 'Jan', '2024', NULL),
(162, 'mefami school skyblue 62', '', 'to3eqa2vsv', 'avatar.png', '08142800956', '', 0, 1705331137, 'Jan', '2024', NULL),
(163, 'oando automoble service ', '', 'ybzpt4eosw', 'avatar.png', '08035619381', '', 0, 1705400447, 'Jan', '2024', NULL),
(164, 'dove schools t-shirt', '', '8biy4g4ovx', 'avatar.png', '08159600241', '', 0, 1705495164, 'Jan', '2024', NULL),
(165, 'roseyhill school', '', 'xvlwksz7wb', 'avatar.png', '08163202065', '', 0, 1705495326, 'Jan', '2024', NULL),
(166, 'Uwa titi', 'uwatiti@gmail.com', 'v4gr9rnhek', 'avatar.png', '080-235-89981', 'Uyo', 0, 1705500361, 'Jan', '2024', NULL),
(167, 'Kingsley Umana ', 'umana@gmail.com', 'ksfkd6qlb2', 'avatar.png', '+234 816 548 8907', 'Uyo', 0, 1705500884, 'Jan', '2024', NULL),
(168, 'Brick Academy ', 'brickacademy@gmail.com', '1828qv27jr', 'avatar.png', '070-165-11095', 'Uyo', 0, 1705501679, 'Jan', '2024', NULL),
(169, 'St Vincent center for inclusive Education ', 'sviec@gmail.com', 's8wo3nqrbs', 'avatar.png', '+234 805 737 2721', 'Uyo ', 0, 1705502081, 'Jan', '2024', NULL),
(170, 'Sir Umohandikan', 'umohandikan@gmail.com', 'b5smwbaha9', 'avatar.png', '+234 803 669 9955', 'Uyo', 0, 1705502387, 'Jan', '2024', NULL),
(171, 'Mfonobong Asuquo', 'mfonasuquo@gmail.com', '6jqme69jta', 'avatar.png', '+234 803 268 2139', 'Uyo', 0, 1705503128, 'Jan', '2024', NULL),
(172, 'Aylward school ', 'aylwardschools@gmail.com', 'h8im4wu9mm', 'avatar.png', '+234 808 081 9320', 'Uyo', 0, 1705504047, 'Jan', '2024', NULL),
(173, 'EARLYDAYS SCHOOL', '', 'hn4t469sf7', 'avatar.png', '08034325624', '', 0, 1705505541, 'Jan', '2024', NULL),
(174, 'ALYWORD SCHOOL ', '', 'twe4xuwo7k', 'avatar.png', '08084690191', '', 0, 1705577698, 'Jan', '2024', NULL),
(175, 'ALL GRACE SCHOOL', '', 'uc45jm75av', 'avatar.png', '09076327641', '', 0, 1705580427, 'Jan', '2024', NULL),
(176, 'ALYWORD SCHOOL T -SHIRT', '', 'yd5x6xxj2n', 'avatar.png', '08026674062', '', 0, 1705581936, 'Jan', '2024', NULL),
(177, 'IFECHIMEKE CHIEMEZIE', '', 'tw6v8o9v81', 'avatar.png', '08039508566', '', 0, 1705586166, 'Jan', '2024', NULL),
(178, 'F I S SCHOOL ', '', '791xur32bd', 'avatar.png', '080861207760', '', 0, 1705918541, 'Jan', '2024', NULL),
(179, 'I .K . I . I SCHOOL PH', '', 'upazqs6xc5', 'avatar.png', '08068963324', '', 0, 1705918996, 'Jan', '2024', NULL),
(180, 'LIFTING GRACE SCHOOL', '', '7hkfb32u57', 'avatar.png', '09021062314', '', 0, 1705935007, 'Jan', '2024', NULL),
(181, 'ROYAL SAFARI INT\'L SCHOOL', '', '8nm8j6cpo5', 'avatar.png', '09030047455', '', 0, 1706019002, 'Jan', '2024', NULL),
(182, 'Mrs Muzzy Nteps', 'mrsmuzzynteps@gmail.com', 'ovk51utf59', 'avatar.png', '+234 706 645 4010', 'Uyo', 0, 1706040054, 'Jan', '2024', NULL),
(183, 'Jacob Udoh', 'jacobudoh@gmail.com', 'xxe8a8xxut', 'avatar.png', '+234 701 876 6471', 'Uyo', 0, 1706040252, 'Jan', '2024', NULL),
(184, 'B AND S SCHOOLS LOGO', '', 'jj5mhpjz1n', 'avatar.png', '08032682139', '', 0, 1706111672, 'Jan', '2024', NULL),
(185, 'Imelda convent', 'imelda@gmail.com', 'dpw21iwsj2', 'avatar.png', '+234 816 352 3075', 'Uyo ', 0, 1706192286, 'Jan', '2024', NULL),
(186, 'Esther Ekpo', 'estherekpo@gmail.com', 'reghskjyrx', 'avatar.png', '+234 814 178 8833', 'Uyo', 0, 1706195322, 'Jan', '2024', NULL),
(187, 'TIMARO SCHOOLS', '', 'bcc71m5358', 'avatar.png', '07080985794', '', 0, 1706198910, 'Jan', '2024', NULL),
(188, 'GRACE FAMILY', '', '6bervdo9iw', 'avatar.png', '07032387619', '', 0, 1706199081, 'Jan', '2024', NULL),
(189, 'CONDAFON SCHOOL', '', 'w3adgya2v6', 'avatar.png', '09031322047', '', 0, 1706199390, 'Jan', '2024', NULL),
(190, 'MAVSEN SCHOOL ', '', 'nr1cetup5e', 'avatar.png', '08028381043', '', 0, 1706366750, 'Jan', '2024', NULL),
(191, 'DR. ANSA A V ', '', 'gxlfkankwf', 'avatar.png', '08147834350', '', 0, 1706367066, 'Jan', '2024', NULL),
(192, 'EVANGEL DOMINION SCHOOL', '', 'tswukoiac4', 'avatar.png', '08037339329', '', 0, 1706367227, 'Jan', '2024', NULL),
(193, 'VEAL ', '', 'gxhmfxmaq5', 'avatar.png', '08102853582', '', 0, 1706525184, 'Jan', '2024', NULL),
(194, 'MULTIPLE GRACE SCHOOL ', '', 'gstz2o9q5s', 'avatar.png', '08035102844', '', 0, 1706525369, 'Jan', '2024', NULL),
(195, 'ASSURANCE HOPE LAND  PROPERTIES', '', 'av955ytwws', 'avatar.png', '080206174631', '', 0, 1706616930, 'Jan', '2024', NULL),
(196, 'DESIGN', '', '35dfcprail', 'avatar.png', '08057084692', '', 0, 1706617669, 'Jan', '2024', NULL),
(197, 'CHICKEN REPUBIC', '', 'gki1nn6vjh', 'avatar.png', '07017190408', '', 0, 1706701825, 'Jan', '2024', NULL),
(198, 'SURE DEL EVENT SECURITY', '', '72shspzu5w', 'avatar.png', '08084006551', '', 0, 1706888187, 'Feb', '2024', NULL),
(199, 'ZERA -EL SCHOOL', '', '3agc2m2t12', 'avatar.png', '08037977637', '', 0, 1706888493, 'Feb', '2024', NULL),
(200, 'DIDI EKONG', '', 'dsgv5nsbg6', 'avatar.png', '08029938537', '', 0, 1706958703, 'Feb', '2024', NULL),
(201, 'DAVE TIE', '', 's56q7mqi91', 'avatar.png', '08037412199', '', 0, 1706959586, 'Feb', '2024', NULL),
(202, 'OWO  UDISTREET', '', 'jg4kxsimqz', 'avatar.png', '07061219874', '', 0, 1707151736, 'Feb', '2024', NULL),
(203, 'DR.\'S LOGO ', '', 'apn1l3l1q9', 'avatar.png', '07051813737', '', 0, 1707233882, 'Feb', '2024', NULL),
(204, 'I AM A MEMBER OF EVERLASTING', '', '9y3gc64aaa', 'avatar.png', '08038723516', '', 0, 1707234276, 'Feb', '2024', NULL),
(205, 'M B S T-SHIRT', '', 'lbijp3ss7d', 'avatar.png', '08105257578', '', 0, 1707305639, 'Feb', '2024', NULL),
(206, 'ABAI SCHOOL', '', 'u3flriztcn', 'avatar.png', '08030487132', '', 0, 1707306210, 'Feb', '2024', NULL),
(207, 'MARYLAND SCHOOLS LOGO', '', '47ifyfvbqp', 'avatar.png', '08037512999', '', 0, 1707322525, 'Feb', '2024', NULL),
(208, 'EXTRA GRACE COLLEGE', '', 'ir1iy63b5g', 'avatar.png', '07066638902', '', 0, 1707574746, 'Feb', '2024', NULL),
(209, 'BUILD  A TECH T-SHIRT', '', 'cxtlgm7139', 'avatar.png', '08165269585', '', 0, 1707733375, 'Feb', '2024', NULL),
(210, 'DOMINION E ITIAT', '', 'vdmeezraw6', 'avatar.png', '08132727729', '', 0, 1707928520, 'Feb', '2024', NULL),
(211, 'cost of arm', '', 'sivkp82pv8', 'avatar.png', '08032227310', '', 0, 1708013577, 'Feb', '2024', NULL),
(212, 'NAME TAGE', '', '9ag4llj171', 'avatar.png', '08036787722', '', 0, 1708358118, 'Feb', '2024', NULL),
(213, 'CHICKEN REPUBLIC', '', 'a7h52zmf1f', 'avatar.png', '09137134021', '', 0, 1708358431, 'Feb', '2024', NULL),
(214, 'anieblet e. archibong', '', 'qcaa9s2whi', 'avatar.png', '08169396992', '', 0, 1708358704, 'Feb', '2024', NULL),
(215, 'AKANKPO FAITH', '', 'ogybtlvjbi', 'avatar.png', '08022177490', '', 0, 1708436960, 'Feb', '2024', NULL),
(216, 'kings kids high school', '', 'dqjprge7sm', 'avatar.png', '08037935447', '', 0, 1708438138, 'Feb', '2024', NULL),
(217, 'PUIIOVER BY FAVOR', '', 'mgblajhnrx', 'avatar.png', '08109551293', '', 0, 1708959987, 'Feb', '2024', NULL),
(218, 'PLAN AND PARTNERS SECURITY LTD', '', 'vxbv8qsz52', 'avatar.png', '08020932340', '', 0, 1708960939, 'Feb', '2024', NULL),
(219, 'ROSYHILL SCHOOLS ', '', '6hwbsttyat', 'avatar.png', '08027907747', '', 0, 1709051833, 'Feb', '2024', NULL),
(220, 'TOP FAITH MONTESSORI SAMPLE', '', '9d7499iq1q', 'avatar.png', '08039321063', '', 0, 1709115376, 'Feb', '2024', NULL),
(221, 'AWHAK SHIRT', '', 'cj6dn6a64v', 'avatar.png', '07033661879', '', 0, 1709115536, 'Feb', '2024', NULL),
(222, 'Ubong Umoh ', 'fxbongist@gmail.com', '$2y$09$A3O4ZuylPka3kPHhuuOTjef8dVQk3bq1cr1bS5sS3TqUkqFC6hloi', 'avatar.png', NULL, NULL, 0, 1710182781, 'Mar', '2024', NULL),
(223, 'Ubong Umoh ', 'fxbongist@gmail.com', '$2y$09$j0zF9JB4A7SbzLmy31TGxuRLEZmePUCXF4uPMtjWTY0Y6M43hRdMy', 'avatar.png', NULL, NULL, 0, 1710182843, 'Mar', '2024', NULL),
(224, 'PRESVILL SCHOOLS SHIRT', '', 'yf9xsn2h7d', 'avatar.png', '07068264058', '', 0, 1710229841, 'Mar', '2024', NULL),
(225, 'LEAD IMPACT UNIVERSITY', '', 's135hqnkdw', 'avatar.png', '08067207003', '', 0, 1710235159, 'Mar', '2024', NULL),
(226, 'DOCTOR EDIKAN', '', 'fuhxhrpg2s', 'avatar.png', '08084504716', '', 0, 1710938249, 'Mar', '2024', NULL),
(227, 'ASUU UNIUYO AND  WRITE UP', '', 'v81undinjo', 'avatar.png', '07061974527', '', 0, 1712160569, 'Apr', '2024', NULL),
(228, 'WHITE SHIRT [ARISE]', '', 'gbbfpjf26a', 'avatar.png', '09073302616', '', 0, 1712327187, 'Apr', '2024', NULL),
(229, 'Third eye t-shirts/ cap', '', '7u13j92v7g', 'avatar.png', '0803895088', '', 0, 1723214436, 'Aug', '2024', NULL),
(230, 'Micheal', 'michealpeter040@gmail.com', '$2y$09$hqtqpCxlg3gQysGY2ZiKdu54o6QMljpPlknAgabI4xxCXGr0VrBzu', 'avatar.png', NULL, NULL, 0, 1723554022, 'Aug', '2024', NULL),
(231, 'Peter Griffin', 'petergriffin@familyguycom', 'ihpjatlhnt', 'avatar.png', '1234-567-8910', 'Spooner Street, Quahog', 0, 1730605589, NULL, NULL, NULL),
(233, 'The Don', 'donP@pablo.uni', '9bbxeyvur9', 'avatar.png', '080-94670', '5-star hotel', 0, 1731051447, NULL, NULL, NULL);

-- --------------------------------------------------------

--
-- Table structure for table `expenses`
--

CREATE TABLE `expenses` (
  `id` int(11) NOT NULL,
  `staff_id` int(11) NOT NULL,
  `title` text NOT NULL,
  `cost` int(11) NOT NULL,
  `expense_type` varchar(100) DEFAULT NULL,
  `category_id` int(11) NOT NULL,
  `timestamp` int(11) NOT NULL
) ENGINE=InnoDB DEFAULT CHARSET=latin1 COLLATE=latin1_swedish_ci;

--
-- Dumping data for table `expenses`
--

INSERT INTO `expenses` (`id`, `staff_id`, `title`, `cost`, `expense_type`, `category_id`, `timestamp`) VALUES
(10, 1, 'uwem tp to factory', 200, 'office', 2, 1591811354),
(11, 1, 'emma tp to factory', 200, 'office', 2, 1591811460),
(13, 1, 'customer bag', 1000, 'office', 2, 1591811609),
(14, 1, 'godwin fare to factory', 200, 'office', 2, 1591811692),
(15, 1, 'ubon fares to factory', 200, 'office', 2, 1591811763),
(16, 1, 'Godwin salary advance', 300, 'office', 4, 1591811808),
(17, 1, 'direct cap monogram @ lipstroke', 3000, 'office', 2, 1591811917),
(18, 1, '1 yd white material for adamsjob', 350, 'office', 2, 1591812031),
(19, 1, 'snacks for director& his bro', 350, 'office', 2, 1591814468),
(20, 1, 'Transportation to mr Nsima', 1500, 'office', 2, 1591814679),
(21, 1, 'Imohfor fixing 6 hgn caps', 500, 'office', 2, 1591814804),
(22, 1, 'godwin fare to factory', 300, 'office', 2, 1591814850),
(23, 1, 'Director incentive', 2000, 'office', 2, 1591814970),
(24, 1, 'ubon fares to factory', 200, 'office', 2, 1591815016),
(25, 1, 'Fuel for office', 1000, 'office', 1, 1591815103),
(26, 1, 'Uwem(white,blue & torquoise) thread \r\nand fare udi str', 700, 'office', 1, 1591815281),
(27, 1, 'navy blue thread', 200, 'office', 2, 1591815345),
(28, 1, 'Fare to Udi street', 100, 'office', 2, 1591815427),
(29, 1, 'Directors incentive', 1000, 'office', 2, 1591860295),
(30, 1, 'Ubon recharge card', 100, 'office', 2, 1591860398),
(31, 1, 'Generator repairs', 2000, 'office', 2, 1591860446),
(32, 1, 'Uwem salary advance', 1000, 'office', 2, 1591860504),
(33, 1, 'Down thread', 300, 'office', 2, 1591860762),
(34, 1, 'Fuel for office', 1000, 'office', 1, 1591860839),
(35, 1, 'Fuel for office', 1000, 'office', 1, 1591861026),
(36, 1, 'Godwin fares Nteps job', 200, 'office', 2, 1591866513),
(37, 1, 'Godwin thread red and gold', 400, 'office', 2, 1591866622),
(38, 1, 'Godwin 1 yd of gum', 300, 'office', 2, 1591866982),
(39, 1, 'Godwin salary advance', 100, 'office', 4, 1591867049),
(40, 1, 'Rebecca 1coffee brown thread', 200, 'office', 2, 1591964774),
(41, 1, 'Imoh fixing of 4 HGN caps', 200, 'office', 2, 1591964850),
(42, 1, 'Rebecca 1milky color thread', 200, 'office', 2, 1591965070),
(43, 1, 'Rebecca 2 milkey color thread', 400, 'office', 2, 1591965246),
(44, 1, 'Rebecca fuel for office', 1000, 'office', 1, 1591965432),
(45, 1, 'Godwin salary advance', 1000, 'office', 4, 1591973187),
(46, 1, 'Rebecca 1 red thread', 200, 'office', 2, 1591973272),
(47, 1, 'Rebecca 1 black thread', 200, 'office', 2, 1591973348),
(48, 1, 'Rebecca 3 white thread', 600, 'office', 2, 1591976377),
(49, 1, 'Ubon salary advance', 1500, 'office', 4, 1592050211),
(50, 1, 'Rebecca fuel for office', 1000, 'office', 1, 1592050309),
(51, 1, 'Rebecca malt for visitors', 500, 'office', 2, 1592050433),
(52, 1, 'Directors car repairs', 1000, 'office', 2, 1592076992),
(53, 1, 'Emma Bonus for working on Sunday', 1000, 'office', 2, 1592151571),
(54, 1, 'Emma fuel', 1000, 'office', 1, 1592314249),
(55, 1, 'Emma 2 yrds gum', 600, 'office', 1, 1592314314),
(56, 1, 'Emma down thread', 300, 'office', 2, 1592314351),
(57, 1, 'Godwin salary advance', 3000, 'office', 4, 1592314399),
(58, 1, 'Rebecca salary advance', 1000, 'office', 4, 1592314492),
(59, 1, 'Uwem 2 red thread', 400, 'office', 2, 1592314565),
(60, 1, 'Uwem 2 black&2 white thread', 400, 'office', 2, 1592314657),
(61, 1, 'Fuel for office', 1000, 'office', 1, 1592314695),
(62, 1, 'Godwin bonus for Nteps job', 1500, 'office', 2, 1592390948),
(63, 1, 'Uwem fuel', 1000, 'office', 1, 1592390977),
(64, 1, 'Rebecca salary advance', 200, 'office', 4, 1592391109),
(65, 1, 'Gen oil', 500, 'office', 1, 1592391238),
(66, 1, 'Emma Fuel for office', 1000, 'office', 1, 1592391991),
(67, 1, 'Ubon recharge card', 100, 'office', 2, 1592392018),
(68, 1, 'Directors  diapers', 4200, 'office', 2, 1592392093),
(69, 1, 'Godwin salary advance', 3000, 'office', 4, 1592392132),
(70, 1, 'Ubon salary advance', 1000, 'office', 4, 1592510217),
(71, 1, 'Rebecca salary advance', 500, 'office', 4, 1592510266),
(72, 1, 'Godwin salary advance', 500, 'office', 4, 1592510302),
(73, 1, 'Directors single head vertical belt part payment', 7500, 'office', 2, 1592561795),
(74, 1, 'Lipstrock Hunters caps', 2250, 'office', 2, 1592561857),
(75, 1, 'Rebecca salary advance', 500, 'office', 4, 1592581364),
(77, 1, 'Godwin salary advance', 500, 'office', 4, 1592581675),
(78, 1, 'Rebecca fuel for office', 1500, 'office', 1, 1592581762),
(79, 1, 'Emma Fuel for office', 1000, 'office', 1, 1592926330),
(80, 1, 'Rebecca salary advance', 200, 'office', 4, 1592926691),
(81, 1, 'Uwem down thread', 300, 'office', 2, 1592926737),
(82, 1, 'Rebecca fuel for office', 1000, 'office', 1, 1592926805),
(83, 1, 'Tips for LFC job', 2000, 'office', 2, 1592926867),
(84, 1, 'Godwin salary advance', 2500, 'office', 4, 1592926908),
(85, 1, 'Rebecca salary advance', 1000, 'office', 4, 1592926950),
(86, 1, 'Emma salary advance', 500, 'office', 4, 1593104074),
(87, 1, 'Rebecca fuel for office', 1500, 'office', 1, 1593104109),
(88, 1, 'Director Eric\'s drug', 2500, 'office', 4, 1593104154),
(89, 1, 'Fuel for office ', 1500, 'office', 1, 1593545549),
(90, 1, 'Uwem fuel office', 1500, 'office', 1, 1593546125),
(91, 1, 'Machine oil', 300, 'office', 1, 1593546150),
(92, 1, 'Director food', 400, 'office', 2, 1593546186),
(93, 1, 'Uwem fuel office', 1000, 'office', 1, 1593546225),
(94, 1, 'Godwin fuel office', 1000, 'office', 1, 1593546288),
(95, 1, 'Aks environment levy', 5000, 'office', 2, 1593546356),
(96, 1, 'Uwem fuel office', 1000, 'office', 1, 1593546456),
(97, 1, 'Gen oil', 500, 'office', 1, 1593546479),
(98, 1, 'Godwin salary advance', 500, 'office', 4, 1593546531),
(99, 1, 'Director incentive', 1000, 'office', 2, 1593546608),
(100, 1, 'Godwin salary advance', 1000, 'office', 4, 1593844214),
(101, 1, 'Rebecca royal blue thread', 200, 'office', 2, 1593968383),
(102, 1, 'Rebecca recharge card', 100, 'office', 2, 1593968618),
(103, 1, 'Direcor upkeep', 1000, 'office', 2, 1593968672),
(104, 1, 'Director (2 6heads mc fans)', 2500, 'factory', 2, 1593968817),
(105, 1, 'Fares for inventer repairer', 200, 'factory', 2, 1593968858),
(106, 1, 'Ubon fare to Gold coast to carry 50 towels', 300, 'office', 2, 1593968960),
(107, 1, 'Emma June salary advance', 1000, 'office', 4, 1593969026),
(108, 1, 'Ubon Carpenter bag', 150, 'office', 2, 1593969234),
(109, 1, 'Uwem fares to factory', 200, 'office', 2, 1593969348),
(110, 1, 'Godwin fares to factory for 2 days', 500, 'office', 2, 1593969426),
(111, 1, 'Godwin June salary advance', 1000, 'office', 4, 1593969503),
(112, 1, 'Emma fares to factory for 2 days', 500, 'office', 2, 1593969610),
(113, 1, 'Ubon Street security levy', 2000, 'office', 2, 1593969674),
(114, 1, 'Director (Trouser sewing Dazzels)', 5000, 'office', 2, 1594216564),
(115, 1, 'Emma Bonus for Sunday work', 1000, 'office', 2, 1594216618),
(116, 1, 'Part payment for belt', 7500, 'office', 2, 1594216752),
(117, 1, 'Part payment for belt', 7500, 'office', 2, 1594217130),
(118, 1, 'Part payment for belt', 7500, 'office', 2, 1594219431),
(119, 1, 'State Levy tax', 5000, 'office', 2, 1594219477),
(120, 1, 'Hunters cap lipstrock', 2250, 'office', 2, 1594219567),
(121, 1, 'Director eric lesson fee', 15000, 'office', 2, 1594219767),
(122, 1, 'Director plumbing tap', 7000, 'office', 2, 1594219898),
(123, 1, 'Director (road repairs)', 4000, 'office', 2, 1594220016),
(124, 1, 'Director (family and car fuel)', 5000, 'office', 1, 1594220143),
(125, 1, 'Director waybill for board and display from PH', 2000, 'office', 2, 1594220210),
(126, 1, 'Director (2 Fans for 6 heads)', 2000, 'office', 2, 1594220439),
(127, 1, 'Director wifey', 1000, 'office', 2, 1594220515),
(128, 1, 'Director (plug for mummy car)', 3000, 'office', 2, 1594220688),
(129, 1, 'June salary balance', 56600, 'office', 4, 1594220803),
(130, 1, 'Director ( fuel factory)', 1000, 'office', 1, 1594220874),
(131, 1, 'Director (stabilizer)', 4000, 'factory', 2, 1594220936),
(132, 1, 'Hunters cap lipstrock', 2500, 'office', 2, 1594220965),
(133, 1, 'Domestic staff June salary', 8500, 'office', 4, 1594221058),
(134, 1, 'Fuel for factory Edet', 4800, 'factory', 1, 1594221097),
(135, 1, 'Charity', 1000, 'office', 2, 1594221205),
(136, 1, 'Director family', 2000, 'office', 2, 1594221289),
(137, 1, 'Display Box repairs', 35000, 'factory', 2, 1594283059),
(138, 1, 'uwem tp to factory', 500, 'office', 2, 1594320504),
(139, 1, 'emma tp to factory', 500, 'office', 2, 1594320583),
(140, 1, 'godwin fare to factory', 500, 'office', 2, 1594320676),
(141, 1, 'emma tp to factory', 500, 'office', 2, 1594320719),
(142, 1, 'uwem tp to factory', 1000, 'office', 2, 1594320773),
(143, 1, 'ubon recharge card', 100, 'office', 2, 1594320985),
(144, 1, 'Director recharge card', 200, 'office', 2, 1594321032),
(145, 1, 'Director window blind repairs', 1200, 'office', 2, 1595020490),
(146, 1, 'Emma fares to factory for  days', 400, 'office', 2, 1595020566),
(147, 1, 'Godwin July salary advance', 1500, 'office', 4, 1595020640),
(148, 1, 'Godwin fares to factory for 2 days', 500, 'office', 2, 1595020725),
(149, 1, 'Ubon July salary advance', 8000, 'office', 4, 1595020786),
(150, 1, 'Uwem fares to factory', 1000, 'office', 2, 1595020900),
(151, 1, 'Ubon 6 gold threads', 1200, 'office', 2, 1595020990),
(152, 1, 'Ubon 2 Royal blue threads', 400, 'factory', 2, 1595021057),
(153, 1, 'Ubon under thread', 300, 'factory', 2, 1595021120),
(154, 1, 'Emma fares to factory for 2 days', 500, 'factory', 2, 1595021197),
(155, 1, 'Godwin July salary advance', 1500, 'office', 4, 1595021283),
(156, 1, 'Godwin fares to factory for 2 days', 500, 'factory', 2, 1595021348),
(157, 1, 'Ubon fares to factory', 300, 'office', 2, 1595696778),
(158, 1, 'Emma fares to factory', 500, 'office', 2, 1595696882),
(159, 1, 'Ubon recharge card', 100, 'office', 2, 1595696924),
(160, 1, 'Godwin July salary advance', 2000, 'office', 4, 1595696982),
(161, 1, 'Direcor upkeep', 1000, 'office', 2, 1595697025),
(162, 1, 'Director (Gloria diaper)', 4200, 'office', 2, 1595697080),
(163, 1, 'Direcor upkeep', 1900, 'office', 2, 1595697143),
(164, 1, 'Ubon fares to factory', 300, 'office', 2, 1595697197),
(165, 1, 'Godwin fares to factory', 1000, 'office', 2, 1595697291),
(166, 1, 'Uwem fares to factory', 900, 'office', 2, 1595697334),
(167, 1, 'Director recharge card', 200, 'office', 2, 1595697389),
(168, 1, 'Ubon recharge card', 100, 'office', 2, 1595697428),
(169, 1, 'Ubon under thread', 300, 'office', 2, 1595697487),
(170, 1, 'Ubon Carpenter bag', 150, 'office', 2, 1595697540),
(171, 1, 'Ubon fare to factory', 300, 'office', 2, 1595697624),
(172, 1, 'Godwin July salary advance', 1000, 'office', 4, 1595697757),
(173, 1, 'Direcor upkeep', 3500, 'office', 2, 1595697802),
(174, 1, 'Ubon Air freshener', 200, 'office', 2, 1595697869),
(175, 1, 'Generator repairs', 3200, 'office', 2, 1595697965),
(176, 1, 'Emma plug', 200, 'factory', 2, 1595698030),
(177, 1, 'Ubon Gen oil', 1100, 'office', 2, 1595698104),
(178, 1, 'Ubon fuel office', 1000, 'office', 1, 1595698154),
(179, 1, 'Director recharge card', 200, 'office', 2, 1595698213),
(180, 1, 'Ubon waste disposal Adede', 200, 'office', 2, 1595698271),
(181, 1, 'Director BP drug', 1000, 'office', 2, 1595966212),
(182, 1, 'Director fuel car', 2000, 'office', 1, 1595966281),
(183, 1, 'Director oil', 500, 'office', 2, 1595966336),
(184, 1, 'Ubon green &white thread', 400, 'office', 2, 1595966382),
(185, 1, 'Director food', 800, 'office', 2, 1595966417),
(186, 1, 'Ubon under thread', 900, 'office', 2, 1595966513),
(187, 1, 'Ubon fares to factory', 300, 'office', 2, 1595966583),
(188, 1, 'Ubon papergum', 250, 'office', 2, 1595966873),
(189, 1, 'Ubon fuel office', 1000, 'office', 2, 1595966960),
(190, 1, 'Ubon royal blue thread', 1200, 'office', 2, 1595967016),
(191, 1, 'Ubon fares to factory', 150, 'office', 2, 1595967068),
(192, 1, 'Ubon recharge card', 100, 'office', 2, 1595967128),
(193, 1, 'Emma July salary advance', 1000, 'office', 4, 1595967200),
(194, 1, 'Emma purple clothes for correction', 200, 'office', 2, 1595967340),
(195, 1, 'Emma fares to factory', 500, 'office', 2, 1595967381),
(196, 1, 'Sewing gum', 50, 'office', 2, 1595967475),
(197, 1, 'Director material for face mask', 1000, 'office', 2, 1595967543),
(198, 1, 'Godwin July salary advance', 2000, 'office', 4, 1595967862),
(199, 1, 'Ubon fuel office', 1000, 'office', 1, 1595967892),
(200, 1, 'Sewing Joshua', 2000, 'office', 2, 1595968001),
(201, 1, 'Godwin fares to factory', 800, 'office', 2, 1595968060),
(202, 1, 'Director upkeep', 3000, 'office', 2, 1595968131),
(203, 1, 'Ubon Flash drive', 1500, 'office', 2, 1595968173),
(204, 1, 'Director junior sewing things', 5000, 'office', 2, 1595968238),
(205, 1, 'Uwem fares to factory', 1000, 'office', 2, 1595968287),
(206, 1, 'Ubon fares to factory', 300, 'office', 2, 1595968333),
(207, 1, 'Abasifreke july salary advance', 100, 'office', 2, 1595968416),
(208, 1, 'Godwin fares to factory', 600, 'office', 2, 1595968473),
(209, 1, 'Ubon recharge card', 100, 'office', 2, 1596473344),
(210, 1, 'Ubon fares to factory', 300, 'office', 2, 1596473382),
(211, 1, 'Emma fares to factory', 1000, 'office', 2, 1596473420),
(212, 1, 'Uwem fares to factory', 1000, 'factory', 2, 1596473489),
(213, 1, 'Ubon fuel office', 1000, 'office', 1, 1596473611),
(214, 1, 'Uwem salary advance', 1000, 'office', 4, 1596473665),
(215, 1, 'Ubon fuel office', 1000, 'office', 1, 1596473687),
(216, 1, 'Director junior training drink', 3000, 'office', 2, 1596473754),
(217, 1, 'Godwin bonus for Sunday work', 1000, 'factory', 2, 1596473978),
(218, 1, 'Godwin fuel factory', 1000, 'factory', 1, 1596474075),
(219, 1, 'Tips to Rosmhor Accountant', 2000, 'office', 2, 1596474151),
(220, 1, 'Director ( charity)', 1000, 'office', 2, 1596474217),
(221, 1, 'Direcor upkeep', 2000, 'office', 2, 1596474273),
(222, 32, 'fuel', 5000, 'office', 1, 1663414228),
(225, 1, 'Transportation for uwem', 600, 'office', 2, 1677502304),
(226, 1, 'foodfor director', 700, 'factory', 2, 1697224921),
(227, 1, 'Drugs for director anf wife ', 4500, 'office', 2, 1697232184),
(228, 1, 't p to the factory', 500, 'office', 2, 1701424615),
(229, 1, 'imo for cap enistores', 1000, 'office', 2, 1701428195),
(230, 1, 'tp  from plaz to the factoy \\ office', 125, 'office', 2, 1701531751),
(231, 1, 'tp  from plaz to the factoy \\ office', 125, 'office', 2, 1701531786),
(232, 1, 'tp  from plaz to the factoy \\ office', 125, 'office', 2, 1701531787),
(233, 1, 'tp  from plaz to the factoy \\ office', 125, 'office', 2, 1701531788),
(234, 1, 'security for the month of november', 1000, 'office', 2, 1701698663),
(235, 1, 'carpenters bag', 200, 'office', 2, 1701771163),
(236, 1, 'white thread ', 2000, 'factory', 2, 1701787904),
(237, 1, 't.p to the factory uniuyo mufla', 500, 'factory', 2, 1701947336),
(238, 1, 'teep for abasifreke', 1000, 'factory', 2, 1701947495),
(239, 1, 't p to the factory', 500, 'factory', 2, 1701947666),
(240, 1, 't p to carllous place', 200, 'office', 2, 1701947842),
(241, 1, 'printing at carlous', 500, 'office', 2, 1701948035),
(242, 1, 'pine for the printing', 100, 'office', 2, 1701948197),
(243, 1, 't p to the factory towel\\cap', 500, 'factory', 2, 1701948335),
(244, 1, 'capenters bag for twel', 200, 'office', 2, 1702116576),
(245, 1, 'dirctors wife ', 5000, 'office', 2, 1702116702),
(246, 1, 't p to the factory to keep things for dirctors wife', 1000, 'office', 2, 1702116953),
(247, 1, 't p ubon', 600, 'factory', 2, 1702134456),
(248, 1, 't p uwem', 800, 'factory', 2, 1702134541),
(249, 1, 't p godwin', 600, 'factory', 2, 1702292693),
(250, 1, 'white thread big one', 2400, 'office', 2, 1702292808),
(251, 1, 'paper gum', 5000, 'factory', 2, 1702292869),
(252, 1, 't p to the factory', 500, 'factory', 2, 1702301939),
(253, 1, 't p  to factory ', 500, 'office', 2, 1702480441),
(254, 1, 't p to the factory p a w', 500, 'factory', 2, 1702480523),
(255, 1, 't p to the factory', 500, 'factory', 2, 1702566795),
(256, 1, 'lmo for caps', 500, 'office', 2, 1702628980),
(257, 1, 't p to the factory', 500, 'factory', 2, 1702652478),
(258, 1, 'reibon', 600, 'office', 2, 1702652544),
(259, 1, 'parging bag for towel', 500, 'office', 2, 1702652712),
(260, 1, 't p to uruan street', 200, 'office', 2, 1702657297),
(261, 1, 't p from office to the factory drop towel', 900, 'factory', 2, 1702736079),
(262, 1, 't p from factory to the office', 250, 'factory', 2, 1702736231),
(263, 1, 'godwin [mod]', 1000, 'office', 2, 1702736308),
(264, 1, 'weekly t p for production staff', 2000, 'office', 2, 1702736419),
(265, 1, 'jampad', 2000, 'office', 2, 1702738244),
(266, 1, 'white sirtin', 1600, 'office', 2, 1702738312),
(267, 1, 'imo for caps', 1000, 'office', 2, 1702738366),
(268, 1, 'h u gum for cap', 1200, 'office', 2, 1703086102),
(269, 1, 't p to the factory', 500, 'factory', 2, 1703086204),
(270, 1, 'lmo for caps ', 500, 'office', 2, 1703086252),
(271, 1, 't p to waybill', 400, 'office', 2, 1703086327),
(272, 1, 't p to the factory drop', 1000, 'factory', 2, 1703086465),
(273, 1, 'carpenters bag 2 ', 200, 'office', 2, 1703166525),
(274, 1, 'white streeming 4ys', 1600, 'office', 2, 1703166795),
(275, 1, 't p to topcare', 300, 'office', 2, 1703177464),
(276, 1, 'balance of staff christmas gift', 1050, 'office', 2, 1703346581),
(277, 1, 'nylon for the gift/ office', 1000, 'office', 2, 1703346734),
(278, 1, 'weekly t p for production staff', 2000, 'factory', 2, 1703346845),
(279, 1, 't p to the factory', 500, 'factory', 2, 1703350755),
(280, 1, 't p to towel and more', 200, 'office', 2, 1703686766),
(281, 1, 't p to the factory', 500, 'factory', 2, 1703773078),
(282, 1, 'white sirtein 1y', 800, 'office', 2, 1703773195),
(283, 1, 'gold rreeming', 800, 'office', 2, 1703773349),
(284, 1, 'weekly t p for production staff', 2000, 'office', 2, 1703943926),
(285, 1, 'water for cleaning of office', 200, 'office', 2, 1704360261),
(286, 1, 'income cash book', 300, 'office', 2, 1704360322),
(287, 1, 'day early analysis book', 250, 'office', 2, 1704360874),
(288, 1, 'security for december ', 1000, 'office', 2, 1704361057),
(289, 1, 'dumping of refuse', 300, 'office', 2, 1704361135),
(290, 1, 'white thread big one', 2500, 'office', 2, 1704442425),
(291, 1, 'button ', 100, 'factory', 2, 1704442477),
(292, 1, 'paper gum', 5000, 'factory', 2, 1704442530),
(293, 1, 'black sirtine ', 500, 'factory', 2, 1704442588),
(294, 1, 'director ', 1000, 'office', 2, 1704442644),
(295, 1, 't p to the factory', 250, 'factory', 2, 1704457305),
(296, 1, 't p from factory to the office drop towel and more', 900, 'factory', 2, 1704457406),
(297, 1, 'school items', 3500, 'office', 2, 1704474533),
(298, 1, 'waybill', 1800, 'office', 2, 1704701467),
(299, 1, 't p to the factory towel  and more', 250, 'factory', 2, 1704712603),
(300, 1, 't p to the factory', 500, 'factory', 2, 1704729348),
(301, 1, 't p to the factory', 550, 'factory', 2, 1704807453),
(302, 1, 'merchine oil', 1900, 'factory', 2, 1704808551),
(303, 1, 't p to atapo', 200, 'office', 2, 1704969192),
(304, 1, 't p to the factory', 500, 'factory', 2, 1704983522),
(305, 1, 't p to the factory', 500, 'factory', 2, 1705080080),
(306, 1, 't p to the factory/water', 600, 'factory', 2, 1705159069),
(307, 1, 'paper gum', 5000, 'factory', 2, 1705321880),
(308, 1, 'director', 1700, 'office', 2, 1705321923),
(309, 1, 'under thread ', 750, 'factory', 2, 1705400578),
(310, 1, 'DIRECTOR', 2700, 'office', 2, 1705500731),
(312, 1, 'T P TO FROM OFFICE TO TH FACTORY/ OFFICE DROP MEFAMI SCHOOL', 1150, 'factory', 2, 1705577511),
(313, 1, 'BUTTON', 100, 'office', 2, 1705919429),
(314, 1, 'BLUE SIRTINE', 4000, 'office', 2, 1705919508),
(315, 1, 'PICKER', 250, 'factory', 2, 1705919558),
(316, 1, 'T P TO THE FACTORY DROP', 800, 'factory', 2, 1705919682),
(317, 1, 'T P TO BENUDO ', 200, 'office', 2, 1706003808),
(318, 1, 'PAPER GUM', 5000, 'factory', 2, 1706111810),
(319, 1, 'T P TO THE FACTORY', 250, 'factory', 2, 1706111848),
(320, 1, 'DIRECTOR\'S WIFE', 4850, 'office', 2, 1706111908),
(321, 1, 'WAYBILL GODWINE', 1000, 'factory', 2, 1706199539),
(323, 1, 'T P FROM OFFICE TO THE FACTORY DROP/ OFFICE', 1350, 'factory', 2, 1706199823),
(324, 1, 'UNDER THREAD / BLACK', 2950, 'factory', 2, 1706367343),
(325, 1, 'WHITE STREMING 9YS', 1800, 'factory', 2, 1706367408),
(326, 1, 'T P TO THE FACTORY', 500, 'factory', 2, 1706367457),
(327, 1, 'T P FROM OFFICE TO THE FACTORY/ OFFICE DROP ', 1000, 'office', 2, 1706544036),
(328, 1, 'DIRECTOR', 200, 'office', 2, 1706544062),
(329, 1, 'CARPENTER\'S BAG TOWELS', 400, 'office', 2, 1706544146),
(330, 1, 'T P TO THE FACTORY', 500, 'office', 2, 1706617010),
(331, 1, 'DIRECTOR', 400, 'office', 2, 1706702587),
(332, 1, 'T P TO THE FACTORY', 600, 'factory', 2, 1706720352),
(333, 1, 'EIMING GUM IN ROLL', 4000, 'office', 2, 1706720475),
(334, 1, 'T P TO THE FACTORY', 600, 'factory', 2, 1706804760),
(335, 1, 'PAPER GUM 5YS', 5000, 'factory', 2, 1706804811),
(336, 1, 'BROTHER UFIA FOR SEWING', 2500, 'office', 2, 1706804890),
(337, 1, 'SECURITY FOR JANUARY', 1000, 'office', 2, 1706888615),
(338, 1, 'T P TO ATAKPO', 100, 'office', 2, 1707151939),
(339, 1, 'T P FROM FACTORY TO THE OFFICE', 250, 'factory', 2, 1707152033),
(340, 1, 'DIRECTOR', 900, 'office', 2, 1707152133),
(341, 1, 'T P TO THE FACTORY  ', 500, 'factory', 2, 1707152193),
(342, 1, 'WATER', 200, 'office', 2, 1707152231),
(343, 1, 'DIRECTOR', 500, 'office', 2, 1707152269),
(344, 1, 'T P FROM FACTORY TO THE  OFFICE DROP', 600, 'factory', 2, 1707234386),
(345, 1, 'DIRECTOR T.P', 500, 'office', 2, 1707234440),
(346, 1, 'DIRECTOR', 700, 'office', 2, 1707234481),
(347, 1, 'MR AKAN', 200, 'office', 2, 1707234538),
(348, 1, 'STAPLES/ PAPER TEAP/ T, P TO THE FACTORY', 5000, 'office', 2, 1707306557),
(349, 1, 'NEEDLES 1 PARK', 2300, 'factory', 2, 1707311720),
(350, 1, 'PARKGING BAG 1 PARK', 3500, 'factory', 2, 1707312212),
(351, 1, 'REILAR', 100, 'factory', 2, 1707312266),
(352, 1, 'NAVY BLUE /WHITE THREAD', 900, 'factory', 2, 1707312356),
(353, 1, 'DIRECTOR', 2000, 'office', 2, 1707575896),
(354, 1, 'T P TO THE FACTORY', 500, 'factory', 2, 1707575953),
(355, 1, 'T P TO THE FACTORY', 500, 'office', 2, 1707575991),
(356, 1, 'WAYBILL', 700, 'office', 2, 1707576034),
(357, 1, 'PAPER GUM 10YS ', 550, 'factory', 2, 1707576105),
(358, 1, 'T P TO THE FACTORY', 500, 'office', 2, 1707576151),
(359, 1, 'WATER', 50, 'office', 2, 1707734544),
(360, 1, 'UNDER THREAD / RED', 2950, 'factory', 2, 1707928233),
(361, 1, 'T P TO BENUDO', 200, 'office', 2, 1707928291),
(362, 1, 'BARYERS', 600, 'office', 2, 1707928368),
(363, 1, 'refeshment', 2000, 'office', 2, 1708013452),
(364, 1, 'director', 600, 'office', 2, 1708013479),
(365, 1, 'EKAUDO', 1600, 'office', 2, 1708358853),
(366, 1, 'T P TO THE FACTORY', 500, 'factory', 2, 1708358907),
(367, 1, 'MR EMMA', 1000, 'office', 2, 1708358951),
(368, 1, 'T P TO IKOT EKPENE  RD', 300, 'office', 2, 1708359140),
(369, 1, 'DIRECTOR', 500, 'office', 2, 1708359852),
(370, 1, 'DIRECTOR', 2700, 'office', 2, 1708437028),
(371, 1, 'PAPER GUM ', 5500, 'factory', 2, 1708437069),
(372, 1, 'UNDER THREAD BIG ONE', 2500, 'factory', 2, 1708437139),
(373, 1, 'T P TO THE FACTORY', 500, 'factory', 2, 1708437221),
(374, 1, 'SIRTEIN HALF', 500, 'factory', 2, 1708446902),
(375, 1, 'T P TO BENUDO', 200, 'office', 2, 1708446968),
(376, 1, 'DIRECTOR', 600, 'office', 2, 1708446996),
(377, 1, 'MR ANNY', 1300, 'office', 2, 1708527607),
(378, 1, 'WATER', 150, 'office', 2, 1708527637),
(379, 1, 'BLADES', 150, 'office', 2, 1708527670),
(380, 1, 'DIRECTOR', 1000, 'office', 2, 1708527707),
(381, 1, 'CARPENTERS BAG', 200, 'office', 2, 1708960197),
(382, 1, 'PART/ TUDER ', 1600, 'office', 2, 1708960312),
(383, 1, 'FLIPFLOP/SPOON', 1400, 'office', 2, 1708960379),
(384, 1, 'DIRECTOR', 3200, 'office', 2, 1708960424),
(385, 1, 'T P TO SCHOOL DROP', 1400, 'office', 2, 1708960468),
(386, 1, 'DIRECTOR', 1600, 'office', 2, 1708960507),
(387, 1, 'T P TO THE FACTORY', 500, 'factory', 2, 1708960550),
(388, 1, 'UNDER THREAD 2 AT 1200', 2400, 'factory', 2, 1709537830),
(389, 1, 'WHITE STREMING 12YD AT 200', 2400, 'office', 2, 1709537900),
(390, 1, 'GREEN MATERIAL 2YD AT 1600', 3200, 'office', 2, 1709537965),
(391, 1, 'GREEN THREAD 1 AT 450', 450, 'factory', 2, 1709538029),
(392, 1, 'DIRECTOR', 1800, 'office', 2, 1709538073),
(393, 1, 'T P TO THE FACTORY', 500, 'office', 2, 1709538172),
(394, 1, 'T P TO PLAZA / AKTC/ OFFICE/ AIRTIME', 700, 'office', 2, 1709538283),
(395, 1, 'DIRECTOR', 1300, 'office', 2, 1709538333),
(396, 1, 'T P TO UDOUDOMA ', 350, 'office', 2, 1709538374),
(397, 1, 'T P TO ORON RD / FACTORY T-SHIRT', 450, 'office', 2, 1709538465),
(398, 1, 'DIRECTOR', 500, 'office', 2, 1709538495),
(399, 1, 'PEN IN A PARKECT', 700, 'office', 2, 1709538565),
(400, 1, 'SECURITY FEBRUARY', 1000, 'office', 2, 1709569665),
(401, 1, 'BLACK MATERIAL FOR BARGE', 2250, 'factory', 2, 1709569779),
(402, 1, 'BLACK MATERIAL FOR BARGE', 2250, 'factory', 2, 1709569793),
(403, 1, 'T P TO BENUDO', 200, 'office', 2, 1709569864),
(404, 1, 'T P TO THE FACTORY', 500, 'factory', 2, 1710235971),
(405, 1, 'T P TO BENUDO/ WATER', 300, 'office', 2, 1710236033),
(406, 1, 'DIRECTOR', 1200, 'office', 2, 1710236069),
(407, 1, 'PAPER GUM  10YD', 5500, 'office', 2, 1710236233),
(408, 1, 'THREAD', 600, 'factory', 2, 1710236346),
(409, 1, 'T  P TO THE FACTORY', 500, 'factory', 2, 1710236418),
(410, 1, 'UNDER THREAD ', 2200, 'factory', 2, 1710236552),
(411, 1, 'T P TO THE FACTORY', 500, 'factory', 2, 1710236666),
(412, 1, 'CARPENTER BAG CHIRST THE KING', 200, 'office', 2, 1710409187),
(413, 1, 'BUTTON HALF PART', 3000, 'factory', 2, 1710411503),
(414, 1, 'WHITE THREAD  2 AT 550', 1100, 'factory', 2, 1710411567),
(415, 1, 'BALANCES OF ITEAM FOR SOWING SAID', 2400, 'factory', 2, 1710411790),
(416, 1, 'BISCUIT', 3050, 'office', 1, 1712046212),
(417, 1, 'T P FROM OFFICE/ OFFICE/ TOWEL AND MORE', 450, 'factory', 2, 1712046353),
(418, 1, 'MEINIME 2ROLL ', 3000, 'office', 2, 1712046459),
(419, 1, 'UNDER THREAD 2', 2000, 'office', 2, 1712046520),
(420, 1, 'T P FROM ADIAHAOBONG/ FACTORY/ OFFICE', 400, 'factory', 2, 1712046615),
(421, 1, 'T P TO BENUDO', 200, 'office', 2, 1712046659),
(422, 1, 'PAPER GUM 10YD', 6000, 'factory', 2, 1712046724),
(423, 1, 'MAROON SHIRT MATERIAL', 900, 'office', 2, 1712046843),
(424, 1, 'T P TO THE FACTORY', 250, 'factory', 2, 1712046919),
(425, 1, 'DIRECTOR/ABASS AND SLIVER', 600, 'office', 2, 1712046999),
(426, 1, 'DIRECTOR/ABASS AND SLIVER', 600, 'office', 2, 1712047286),
(427, 1, 'GRANDNUT/ TOMATOS', 2500, 'factory', 2, 1712047390),
(428, 1, 'T P TO THE FACTOY ', 300, 'factory', 2, 1712047465),
(429, 1, 'REFRESHMENT  FOR DIRECTOR/ ABASS AND MFON', 450, 'office', 2, 1712047586),
(430, 1, 'BLACK MATERIAL 1 1/2 YD ', 1800, 'office', 2, 1712047694),
(431, 1, 'UNDER THREAD 2', 2400, 'office', 2, 1712047763),
(432, 1, 'T P TO THE FACTORY', 500, 'factory', 2, 1712047819),
(433, 1, 'RED SIRTIN DIRECTOR', 8050, 'office', 2, 1712047885),
(434, 1, 'GOLD TREMING 11YD', 5500, 'office', 2, 1712047954),
(435, 1, 'TP TO THE FACTORY', 500, 'factory', 2, 1712048126),
(436, 1, 'REFRESHMENT FOR EMEM', 500, 'office', 2, 1712048328),
(437, 1, 'GOLD TREMING 21/2  YD', 1250, 'office', 2, 1712048419),
(438, 1, 'DIRECTOR MARKET', 4500, 'office', 2, 1712048498),
(439, 1, 'T P TO AKA READ ', 200, 'office', 2, 1712048554),
(440, 1, 'T P FROM OFFICE TO THE FACTORY DROP TOWELS DROP TOWELS', 900, 'office', 2, 1712160731),
(441, 1, 'T P FROM FACTORY TO THE OFFICE', 250, 'office', 2, 1712160786),
(442, 1, 'DIRECTOR FOOD', 1000, 'office', 2, 1712160859),
(443, 1, 'T P TO FCMB TO GIVE MUFLA', 100, 'office', 2, 1712160909),
(444, 1, 'SECURITY  FOR MARCH', 1000, 'office', 2, 1712327309),
(445, 1, 'T P TO THE FACTORY', 500, 'office', 2, 1712327356),
(446, 1, 'T PTO THE FACTORY TO PICK MUFLA', 500, 'office', 2, 1712327445),
(447, 1, 'Biscuits', 2200, 'office', 2, 1723114677),
(448, 1, 'Transport to the factory', 500, 'factory', 2, 1723214540),
(449, 1, 'Hu gum', 1300, 'office', 2, 1723214643);

-- --------------------------------------------------------

--
-- Table structure for table `expense_category`
--

CREATE TABLE `expense_category` (
  `id` int(11) NOT NULL,
  `category` varchar(100) NOT NULL
) ENGINE=InnoDB DEFAULT CHARSET=latin1 COLLATE=latin1_swedish_ci;

--
-- Dumping data for table `expense_category`
--

INSERT INTO `expense_category` (`id`, `category`) VALUES
(1, 'fuel'),
(2, 'office'),
(4, 'salary'),
(5, '');

-- --------------------------------------------------------

--
-- Table structure for table `invoices`
--

CREATE TABLE `invoices` (
  `id` int(11) NOT NULL,
  `invoice_id` varchar(100) CHARACTER SET utf8 COLLATE utf8_general_ci DEFAULT NULL,
  `customer_id` int(11) DEFAULT NULL,
  `timestamp` int(11) NOT NULL,
  `due_date` int(100) DEFAULT NULL,
  `subtotal` decimal(10,2) DEFAULT NULL,
  `tax` decimal(10,2) DEFAULT NULL,
  `total` decimal(10,2) DEFAULT NULL,
  `amount_paid` decimal(10,2) DEFAULT 0.00,
  `balance_due` decimal(10,2) GENERATED ALWAYS AS (`total` - `amount_paid`) STORED,
  `status` enum('Paid','Unpaid','Partially Paid') GENERATED ALWAYS AS (case when `total` - `amount_paid` = 0 then 'Paid' when `total` - `amount_paid` < 0 then 'Paid' when `amount_paid` > 0 and `total` - `amount_paid` > 0 then 'Partially Paid' else 'Unpaid' end) STORED,
  `staff_id` int(11) DEFAULT NULL
) ENGINE=InnoDB DEFAULT CHARSET=utf8mb4 COLLATE=utf8mb4_general_ci;

--
-- Dumping data for table `invoices`
--

INSERT INTO `invoices` (`id`, `invoice_id`, `customer_id`, `timestamp`, `due_date`, `subtotal`, `tax`, `total`, `amount_paid`, `staff_id`) VALUES
(42, 'icxuj', 231, 1731129190, 1733721190, 55.00, 0.00, 55.00, 10.00, 1);

-- --------------------------------------------------------

--
-- Table structure for table `invoice_items`
--

CREATE TABLE `invoice_items` (
  `id` int(11) NOT NULL,
  `invoice_id` varchar(100) DEFAULT NULL,
  `product_id` int(11) DEFAULT NULL,
  `quantity` int(11) DEFAULT NULL,
  `unit_price` decimal(10,2) DEFAULT NULL,
  `total_price` decimal(10,2) DEFAULT NULL,
  `description` varchar(255) NOT NULL,
  `product_name` varchar(255) NOT NULL
) ENGINE=InnoDB DEFAULT CHARSET=utf8mb4 COLLATE=utf8mb4_general_ci;

--
-- Dumping data for table `invoice_items`
--

INSERT INTO `invoice_items` (`id`, `invoice_id`, `product_id`, `quantity`, `unit_price`, `total_price`, `description`, `product_name`) VALUES
(96, 'icxuj', NULL, 1, 25.00, 25.00, '', 'Nike Shoes'),
(97, 'icxuj', NULL, 1, 30.00, 30.00, '', 'Versace Shirt');

-- --------------------------------------------------------

--
-- Table structure for table `orders`
--

CREATE TABLE `orders` (
  `id` int(11) NOT NULL,
  `customer_id` int(11) DEFAULT NULL,
  `cost` int(11) DEFAULT NULL,
  `date_of_delivery` varchar(100) DEFAULT NULL,
  `initial_deposit` int(11) DEFAULT NULL,
  `status` int(11) DEFAULT NULL,
  `order_id` varchar(100) DEFAULT NULL,
  `staff_id` int(11) DEFAULT NULL,
  `type_id` int(11) DEFAULT NULL,
  `subcat_id` int(11) DEFAULT NULL,
  `timestamp` int(11) DEFAULT NULL,
  `month` varchar(100) DEFAULT NULL,
  `year` varchar(100) DEFAULT NULL,
  `balance` int(11) DEFAULT NULL,
  `unit_price` int(11) DEFAULT NULL,
  `quantity` int(11) DEFAULT NULL
) ENGINE=InnoDB DEFAULT CHARSET=utf8 COLLATE=utf8_general_ci;

--
-- Dumping data for table `orders`
--

INSERT INTO `orders` (`id`, `customer_id`, `cost`, `date_of_delivery`, `initial_deposit`, `status`, `order_id`, `staff_id`, `type_id`, `subcat_id`, `timestamp`, `month`, `year`, `balance`, `unit_price`, `quantity`) VALUES
(25, 18, 1000, '06/01/2020', 1000, 5, 'ydgis', 1, 2, 1, 1591795385, 'Jun', '2020', 0, 500, 2),
(26, 19, 1500, '06/01/2020', 1500, 5, 'a6stv', 1, 2, 1, 1591796565, 'Jun', '2020', 0, 300, 5),
(27, 20, 2000, '06/01/2020', 2000, 5, 'nb8hu', 1, 2, 1, 1591796860, 'Jun', '2020', 0, 2000, 1),
(28, 21, 2600, '06/01/2020', 2600, 5, 'ksurv', 1, 2, 1, 1591797123, 'Jun', '2020', 0, 200, 13),
(29, 19, 7800, '06/01/2020', 7800, 5, '3we5e', 1, 2, 1, 1591797346, 'Jun', '2020', 0, 300, 26),
(30, 22, 2400, '06/02/2020', 2400, 5, 'dob16', 1, 2, 1, 1591798145, 'Jun', '2020', 0, 300, 8),
(31, 22, 4600, '06/02/2020', 4600, 5, '41b7g', 1, 2, 1, 1591798358, 'Jun', '2020', 0, 575, 8),
(32, 23, 1000, '06/02/2020', 1000, 5, 'le22w', 1, 2, 1, 1591799934, 'Jun', '2020', 0, 500, 2),
(33, 21, 12000, '06/15/2029', 3000, 5, 'kt1yc', 1, 2, 1, 1591804440, 'Jun', '2020', 0, 150, 80),
(34, 24, 2800, '06/05/2020', 2800, 5, 'ylrgs', 1, 2, 1, 1591807850, 'Jun', '2020', 0, 700, 4),
(35, 25, 6400, '06/05/2020', 6400, 5, 'xvvd5', 1, 2, 1, 1591808085, 'Jun', '2020', 0, 800, 8),
(36, 25, 1800, 'uyo', 1600, 5, '4c2y7', 1, 2, 1, 1591808267, 'Jun', '2020', 200, 300, 6),
(37, 26, 46550, '06/17/2020', 8000, 8, 'hc484', 1, 2, 1, 1591808700, 'Jun', '2020', -31450, 350, 133),
(38, 27, 14000, '06/16/2020', 5000, 5, 'lwgsk', 1, 2, 1, 1591809082, 'Jun', '2020', 9000, 175, 80),
(39, 28, 20000, '06/18/2020', 5000, 5, 'gydyh', 1, 2, 1, 1591809352, 'Jun', '2020', 0, 200, 100),
(40, 29, 2000, '06/16/2020', 0, 5, 'rdzak', 1, 2, 1, 1591809680, 'Jun', '2020', 1000, 500, 4),
(41, 25, 5600, '06/11/2020', 0, 5, 'b7348', 1, 2, 1, 1591809995, 'Jun', '2020', 0, 800, 7),
(42, 30, 13200, '06/13/2020', 10000, 5, '61hnb', 1, 2, 1, 1591810767, 'Jun', '2020', 3200, 550, 24),
(43, 30, 2400, '06/13/2020', 0, 5, 'csxak', 1, 2, 1, 1591810931, 'Jun', '2020', 2400, 400, 6),
(44, 25, 7200, '2020-06-19', 0, 5, '8wddh', 1, 2, 1, 1591962393, 'Jun', '2020', 0, 800, 9),
(45, 25, 3600, '2020-06-19', 0, 5, 'r23vv', 1, 2, NULL, 1591962475, 'Jun', '2020', 0, 400, 9),
(46, 31, 3500, '2020-06-12', 1500, 5, 'qlvjr', 1, 2, 1, 1591962719, 'Jun', '2020', 0, 3500, 1),
(47, 20, 4000, '2020-06-15', 0, 5, '3g543', 1, 2, 1, 1591964632, 'Jun', '2020', 0, 800, 5),
(48, 25, 1200, '2020-06-12', 1200, 5, 'kp6b8', 1, 2, 1, 1591966152, 'Jun', '2020', 0, 300, 4),
(49, 32, 1000, '2020-06-12', 1000, 5, 'zibrz', 1, 2, NULL, 1591973087, 'Jun', '2020', 0, 500, 2),
(50, 33, 2500, '2020-06-16', 2500, 2, 't1fdy', 1, 2, 1, 1592075569, 'Jun', '2020', 0, 2500, 1),
(51, 34, 14001, '2020-06-22', 0, 5, 'arn8l', 1, 2, 1, 1592151984, 'Jun', '2020', 0, 1077, 13),
(52, 35, 4000, '2020-06-16', 4000, 5, '2gvfs', 1, 2, 1, 1592318706, 'Jun', '2020', 0, 1000, 4),
(53, 36, 3501, '2020-06-19', 3500, 5, 'ukyl6', 1, 2, 1, 1592319002, 'Jun', '2020', 1, 1167, 3),
(54, 37, 1000, '2020-06-19', 1000, 8, '2jnbd', 1, 2, 1, 1592319187, 'Jun', '2020', 0, 500, 2),
(55, 38, 1400, '2020-06-16', 1400, 5, 'c7tiy', 1, 2, 1, 1592319465, 'Jun', '2020', 0, 350, 4),
(58, 41, 3000, '2020-06-22', 3000, 5, 'a6nel', 1, 2, NULL, 1592602457, 'Jun', '2020', 0, 1500, 2),
(59, 42, 2500, '2020-06-24', 1000, 5, 'j1526', 1, 2, 1, 1592925314, 'Jun', '2020', 0, 2500, 1),
(60, 43, 2500, '2020-06-27', 1000, 5, 'nikko', 1, 2, NULL, 1592926229, 'Jun', '2020', 0, 2500, 0),
(61, 21, 7500, '2020-06-30', 7000, 5, 'gwy2v', 1, 2, NULL, 1593103621, 'Jun', '2020', 0, 300, 25),
(62, 21, 2200, '2020-06-30', 0, 5, '31d3k', 1, 2, NULL, 1593103701, 'Jun', '2020', 0, 200, 11),
(63, 44, 4000, '2020-06-30', 4000, 5, 'hqf1n', 1, 2, 1, 1593547640, 'Jun', '2020', 0, 800, 5),
(64, 25, 12000, '2020-07-06', 0, 1, 'dw2az', 1, 2, 1, 1593548115, 'Jun', '2020', 2000, 400, 30),
(65, 45, 2000, '2020-06-30', 2000, 5, 'd4hws', 1, 2, 1, 1593548269, 'Jun', '2020', 0, 200, 10),
(66, 46, 5100, '2020-07-01', 2000, 4, '7weyx', 1, 2, 1, 1593548547, 'Jun', '2020', 3100, 300, 17),
(67, 47, 4000, '2020-07-01', 2000, 5, '5fbcw', 1, 1, NULL, 1593549926, 'Jun', '2020', 0, 500, 8),
(68, 25, 6400, '2020-07-02', 0, 5, 'uqpfe', 1, 2, 1, 1593550138, 'Jun', '2020', 0, 800, 8),
(69, 25, 4000, '2020-07-02', 0, 5, '6owiy', 1, 2, 1, 1593550264, 'Jun', '2020', 0, 400, 10),
(70, 48, 1500, '2020-06-30', 1500, 5, 'ldp7m', 1, 2, 1, 1593550453, 'Jun', '2020', 0, 1500, 1),
(71, 49, 1000, '2020-06-30', 0, 8, 'x6xoa', 1, 2, 1, 1593550978, 'Jun', '2020', 1000, 500, 2),
(72, 34, 5001, '2020-07-06', 5000, 4, '2546w', 1, 2, 1, 1593966383, 'Jul', '2020', 1, 1667, 3),
(73, 50, 17500, '2020-07-05', 0, 5, '6dty1', 1, 2, 1, 1593966569, 'Jul', '2020', 17500, 350, 50),
(74, 51, 1500, '2020-07-05', 1500, 5, 's4y5g', 1, 2, 1, 1593966804, 'Jul', '2020', 0, 300, 5),
(75, 52, 2400, '2020-07-05', 2000, 5, 'kum7q', 1, 2, 1, 1593966943, 'Jul', '2020', 400, 200, 12),
(76, 53, 2000, '2020-07-05', 2000, 5, 'y4cqv', 1, 2, 1, 1593967853, 'Jul', '2020', 0, 1000, 2),
(77, 47, 500, '2020-07-05', 500, 5, 'sewnu', 1, 2, 1, 1593968097, 'Jul', '2020', 0, 500, 1),
(78, 54, 32000, '2020-07-06', 32000, 3, '99tw9', 1, 2, 1, 1593968267, 'Jul', '2020', 0, 2000, 16),
(79, 56, 1200, '2020-07-17', 1200, 5, 'nbql7', 1, 2, 1, 1595009906, 'Jul', '2020', 0, 600, 2),
(80, 57, 5000, '2020-07-17', 0, 1, 'e6sto', 1, 2, 1, 1595010180, 'Jul', '2020', 5000, 1000, 5),
(81, 57, 2500, '2020-07-17', 0, 1, 'w1kse', 1, 2, NULL, 1595010294, 'Jul', '2020', 2500, 500, 5),
(82, 20, 8000, '2020-07-17', 2500, 1, 'yxhki', 1, 1, NULL, 1595010851, 'Jul', '2020', 5500, 500, 16),
(83, 58, 5500, '2020-07-17', 5500, 5, 'm1spz', 1, 2, 1, 1595011049, 'Jul', '2020', 0, 500, 11),
(84, 51, 1200, '2020-07-17', 0, 1, 'idye5', 1, 2, 1, 1595011202, 'Jul', '2020', 1200, 300, 4),
(85, 34, 18000, '2020-07-17', 18000, 5, '2v7fa', 1, 2, 1, 1595011405, 'Jul', '2020', 0, 1500, 12),
(86, 49, 12500, '2020-07-17', 10000, 5, '2zpf1', 1, 2, 1, 1595011589, 'Jul', '2020', 2500, 125, 100),
(87, 21, 7200, '2020-07-17', 7200, 5, 'b7wlb', 1, 2, 1, 1595011769, 'Jul', '2020', 0, 300, 24),
(88, 21, 3000, '2020-07-17', 3000, 5, 'dr4qu', 1, 2, 1, 1595011852, 'Jul', '2020', 0, 200, 15),
(89, 25, 4000, '2020-07-17', 4000, 5, 'brkfb', 1, 2, 1, 1595012070, 'Jul', '2020', 0, 400, 10),
(90, 25, 4000, '2020-07-17', 4000, 5, 'l7mty', 1, 2, 1, 1595012081, 'Jul', '2020', 0, 400, 10),
(91, 25, 3000, '2020-07-17', 3000, 5, 'l5iul', 1, 2, 1, 1595012194, 'Jul', '2020', 0, 300, 10),
(92, 58, 1000, '2020-07-17', 1000, 5, '9yse2', 1, 2, 1, 1595012538, 'Jul', '2020', 0, 500, 2),
(93, 58, 1000, '2020-07-17', 1000, 5, 'iyt5m', 1, 2, 1, 1595012552, 'Jul', '2020', 0, 500, 2),
(94, 59, 13500, '2020-07-17', 8000, 5, 'foflx', 1, 2, NULL, 1595012787, 'Jul', '2020', 500, 1500, 9),
(95, 60, 2000, '2020-07-17', 2000, 5, 'ctvro', 1, 2, 1, 1595013350, 'Jul', '2020', 0, 2000, 1),
(96, 50, 15000, '2020-07-17', 0, 1, 'nhomq', 1, 2, 1, 1595013548, 'Jul', '2020', 15000, 300, 50),
(97, 45, 2750, '2020-07-17', 2750, 5, 'okth5', 1, 2, 1, 1595013767, 'Jul', '2020', 0, 250, 11),
(98, 61, 1500, '2020-07-18', 0, 1, 'ibuuz', 1, 2, 1, 1595014452, 'Jul', '2020', 1500, 300, 5),
(99, 62, 1500, '2020-07-18', 1000, 5, 'r9adg', 1, 2, 1, 1595014705, 'Jul', '2020', 0, 1500, 1),
(100, 63, 3900, '2020-07-17', 3900, 5, 'qte9q', 1, 2, 1, 1595014904, 'Jul', '2020', 0, 300, 13),
(101, 25, 7200, '2020-07-17', 7200, 5, 'c7ojo', 1, 2, 1, 1595015121, 'Jul', '2020', 0, 800, 9),
(102, 64, 3000, '2020-07-18', 0, 4, '5dzom', 1, 2, 1, 1595015336, 'Jul', '2020', 3000, 500, 6),
(103, 65, 12800, '2020-07-25', 12800, 1, 'yyhv9', 1, 1, NULL, 1595015566, 'Jul', '2020', 0, 800, 16),
(104, 46, 2500, '2020-07-17', 1000, 4, '5d2mt', 1, 2, 1, 1595015957, 'Jul', '2020', 1500, 2500, 1),
(105, 66, 1500, '2020-07-18', 0, 1, 'w9v83', 1, 2, 1, 1595016302, 'Jul', '2020', 1500, 1500, 1),
(106, 67, 5000, '2020-07-18', 5000, 1, '4jp8v', 1, 2, 1, 1595017709, 'Jul', '2020', 0, 50, 100),
(107, 67, 5000, '2020-07-21', 5000, 1, 'pkxvi', 1, 2, 1, 1595017836, 'Jul', '2020', 0, 100, 50),
(108, 67, 4000, '2020-07-21', 0, 1, 'qwbw7', 1, 2, 1, 1595017998, 'Jul', '2020', 4000, 200, 20),
(110, 67, 1500, '2020-07-21', 0, 1, '7u4jz', 1, 2, 1, 1595018245, 'Jul', '2020', 1500, 150, 10),
(111, 67, 1500, '2020-07-21', 0, 1, 'gqlqb', 1, 2, 1, 1595018442, 'Jul', '2020', 1500, 150, 10),
(112, 67, 300, '2020-07-21', 0, 1, 'r2dnh', 1, 2, 1, 1595019230, 'Jul', '2020', 300, 150, 2),
(113, 67, 300, '2020-07-21', 0, 1, 'k14fv', 1, 1, NULL, 1595019355, 'Jul', '2020', 300, 150, 2),
(114, 68, 62500, '2020-07-21', 0, 1, '2j5d1', 1, 2, 1, 1595109822, 'Jul', '2020', 62500, 250, 250),
(115, 69, 2000, '2020-07-18', 2000, 5, 'bug8o', 1, 2, 1, 1595110008, 'Jul', '2020', 0, 200, 10),
(116, 70, 900, '2020-07-28', 900, 5, 'wl3w8', 1, 2, 1, 1595973220, 'Jul', '2020', 0, 900, 1),
(117, 71, 1600, '2020-07-28', 1600, 5, 'zcam9', 1, 2, 1, 1595973883, 'Jul', '2020', 0, 400, 4),
(121, 71, 600, '2020-07-28', 600, 5, 'j685t', 1, 2, 1, 1595974167, 'Jul', '2020', 0, 300, 2),
(123, 71, 400, '2020-07-28', 400, 5, 'kbkho', 1, 2, 1, 1595974315, 'Jul', '2020', 0, 200, 2),
(124, 72, 27000, '2020-07-28', 27000, 5, 'eu6iw', 1, 2, 1, 1595976784, 'Jul', '2020', 0, 900, 30),
(125, 72, 5400, '2020-07-28', 3000, 1, '32lkx', 1, 2, 1, 1595976938, 'Jul', '2020', 2400, 900, 6),
(126, 72, 2000, '2020-07-29', 0, 1, '51585', 1, 2, 1, 1595977037, 'Jul', '2020', 2000, 500, 4),
(127, 72, 2000, '2020-07-29', 0, 1, 'u31l9', 1, 2, 1, 1595977046, 'Jul', '2020', 2000, 500, 4),
(128, 73, 42000, '2020-07-29', 5000, 8, 'sbph1', 1, 2, 1, 1595977287, 'Jul', '2020', 37000, 250, 168),
(129, 74, 40000, '2020-07-30', 0, 4, '5hpp2', 1, 2, 1, 1595977436, 'Jul', '2020', 40000, 200, 200),
(130, 75, 25600, '2020-08-05', 5000, 1, '3v5ql', 1, 2, 1, 1596312800, 'Aug', '2020', 20600, 200, 128),
(131, 76, 500, '2020-08-01', 500, 1, 't6dvb', 1, 2, 1, 1596313149, 'Aug', '2020', 0, 500, 1),
(132, 77, 6000, '2020-08-01', 4800, 5, 'fv4o2', 1, 2, 1, 1596313313, 'Aug', '2020', 1200, 500, 12),
(135, 78, 1500, '2020-08-01', 1500, 5, '9tpip', 1, 2, 1, 1596319478, 'Aug', '2020', 0, 750, 2),
(136, 69, 15000, '2020-08-01', 15000, 1, '4o6qq', 1, 2, 1, 1596319640, 'Aug', '2020', 0, 250, 60),
(137, 57, 2500, '2020-08-01', 0, 1, 'gje93', 1, 1, NULL, 1596319926, 'Aug', '2020', 2500, 500, 5),
(138, 57, 2000, '2020-08-01', 0, 1, 'vf5eq', 1, 2, 1, 1596320112, 'Aug', '2020', 2000, 1000, 2),
(140, 79, 3000, '2020-08-01', 3000, 5, '2xowq', 1, 2, 1, 1596320282, 'Aug', '2020', 0, 1000, 3),
(141, 58, 1000, '2020-08-01', 0, 1, 'x4kiw', 1, 2, 1, 1596320544, 'Aug', '2020', 1000, 500, 2),
(142, 80, 500, '2020-08-01', 500, 5, 'uki7z', 1, 2, 1, 1596320740, 'Aug', '2020', 0, 500, 1),
(144, 60, 2000, '2020-08-01', 2000, 1, 'enmzs', 1, 2, 1, 1596320932, 'Aug', '2020', 0, 2000, 1),
(146, 82, 500000, '2020-08-15', 500000, 1, 'mqrnh', 1, 2, 1, 1596321611, 'Aug', '2020', 0, 500, 1000),
(147, 81, 2001, '2020-08-01', 1500, 5, 'wjbke', 1, 2, 1, 1596321624, 'Aug', '2020', 501, 667, 3),
(148, 83, 13500, '2020-08-03', 0, 1, '1j3hd', 1, 2, 1, 1596474876, 'Aug', '2020', 13500, 150, 90),
(150, 83, 10000, '2020-08-03', 10000, 5, '3i6mc', 1, 2, 1, 1596475189, 'Aug', '2020', 0, 200, 50),
(152, 63, 1800, '2020-08-04', 0, 5, 'p6vn1', 1, 2, 1, 1596475518, 'Aug', '2020', 1800, 300, 6),
(153, 84, 20000, '2021-01-14', 5000, 5, 'f42it', 1, 2, 1, 1610440951, 'Jan', '2021', 0, 200, 100),
(156, 87, 12000, '2021-06-23', 10000, 3, 'y6bdk', 1, 2, 1, 1624052336, 'Jun', '2021', 2000, 300, 40),
(157, 88, 2000, '2021-07-01', 2000, 5, '6xhqj', 30, 2, 1, 1625676458, 'Jul', '2021', 0, 2000, 1),
(158, 89, 18000, '2021-07-08', 0, 3, '1fwm8', 1, 2, 1, 1625734519, 'Jul', '2021', 18000, 3000, 6),
(159, 91, 12000, '2021-11-08', 8000, 5, 'nx27p', 30, 2, 1, 1635875791, 'Nov', '2021', 4000, 1000, 12),
(160, 92, 35000, '2022-03-09', 35000, 8, 'w8hbg', 1, 2, 1, 1646724024, 'Mar', '2022', 0, 350, 100),
(163, 94, 42000, '2022-03-11', 20000, 3, 'q7dt8', 1, 2, 1, 1646729219, 'Mar', '2022', 22000, 400, 105),
(164, 51, 500, '2022-03-14', 0, 5, 'zb163', 1, 2, NULL, 1646738594, 'Mar', '2022', 0, 500, 1),
(165, 95, 12500, '2022-03-12', 0, 1, 'icekm', 1, 1, NULL, 1646738820, 'Mar', '2022', 12500, 500, 25),
(168, 96, 3000, '2022-03-09', 0, 6, 'sycp2', 1, 2, 1, 1646754734, 'Mar', '2022', 3000, 750, 4),
(169, 52, 3000, '2022-05-02', 3000, 5, 'g2q86', 32, 2, 1, 1651519501, 'May', '2022', 0, 500, 6),
(173, 101, 8000, '2022-11-02', 0, 1, 'futgv', 1, 2, 1, 1667309717, 'Nov', '2022', 8000, 400, 20),
(175, 102, 0, '2023-09-24', 0, 5, '9umms', 1, 2, NULL, 1695418934, 'Sep', '2023', 0, 400, 13),
(177, 103, 20000, '2023-09-26', 2000, 5, 'jf71f', 1, 2, 1, 1695548318, 'Sep', '2023', 18000, 400, 50),
(179, 51, 18000, '2023-09-26', 0, 1, 'bgrmq', 1, 2, 1, 1695550832, 'Sep', '2023', 18000, 300, 60),
(180, 51, 6000, '2023-09-26', 0, 1, 'ki5dd', 1, 2, NULL, 1695551005, 'Sep', '2023', 6000, 300, 20),
(181, 51, 1800, '2023-09-26', 0, 1, 'xbl8v', 1, 2, 1, 1695551435, 'Sep', '2023', 1800, 300, 6),
(182, 102, 12000, '2023-10-16', 0, 1, '4d4gq', 1, 2, 1, 1697218752, 'Oct', '2023', 12000, 600, 20),
(183, 104, 7000, '2023-10-20', 0, 6, 'cf6qb', 1, 1, NULL, 1697219415, 'Oct', '2023', 7000, 3500, 2),
(184, 104, 6000, '2023-10-20', 0, 6, 'uyde8', 1, 1, NULL, 1697219529, 'Oct', '2023', 6000, 3000, 2),
(186, 105, 70000, '2023-10-18', 0, 2, '65tez', 1, 2, 1, 1697220621, 'Oct', '2023', 70000, 350, 200),
(187, 106, 700, '2023-10-16', 0, 4, '7y1q7', 1, 2, 1, 1697221370, 'Oct', '2023', 700, 350, 2),
(188, 106, 2000, '2023-10-16', 0, 2, 'u116u', 1, 2, 1, 1697221546, 'Oct', '2023', 2000, 2000, 1),
(189, 107, 25000, '2023-10-14', 0, 1, 'hti1m', 1, 2, 1, 1697222119, 'Oct', '2023', 25000, 500, 50),
(190, 108, 7000, '2023-10-16', 0, 1, 'uu4vw', 1, 2, 1, 1697223540, 'Oct', '2023', 6995, 500, 14),
(191, 109, 47200, '2023-10-16', 47200, 3, 'b99za', 1, 2, 1, 1697224019, 'Oct', '2023', 0, 400, 118),
(192, 109, 3200, '2023-10-16', 0, 2, '5kpz7', 1, 2, 1, 1697224204, 'Oct', '2023', 3200, 400, 8),
(193, 110, 20000, '2023-10-14', 20000, 2, '1dpmy', 1, 2, 1, 1697231165, 'Oct', '2023', 0, 10000, 2),
(194, 110, 8000, '2023-10-13', 0, 5, 't96uw', 1, 2, 1, 1697231354, 'Oct', '2023', 8000, 2000, 4),
(195, 110, 35000, '2023-10-12', 20000, 5, 'idirg', 1, 2, 1, 1697231585, 'Oct', '2023', 15000, 35000, 1),
(196, 111, 10000, '2023-12-02', 10000, 5, '3j59g', 1, 2, 1, 1701531322, 'Dec', '2023', 0, 1250, 8),
(197, 112, 32000, '2023-12-04', 0, 5, 'swvcj', 1, 2, 1, 1701684931, 'Dec', '2023', 32000, 320, 100),
(198, 113, 6000, '2023-12-04', 0, 5, '3tmh8', 1, 2, 1, 1701685225, 'Dec', '2023', 6000, 500, 12),
(199, 114, 3000, '2023-12-04', 0, 1, 'eteru', 1, 2, 1, 1701685635, 'Dec', '2023', 3000, 1500, 2),
(200, 114, 3000, '2023-12-04', 0, 1, 'j8mdu', 1, 2, 1, 1701685636, 'Dec', '2023', 3000, 1500, 2),
(201, 115, 10000, '2023-12-04', 0, 5, 'v2cta', 1, 2, 1, 1701693640, 'Dec', '2023', 10000, 500, 20),
(202, 84, 10000, '2023-12-04', 0, 5, 'mj137', 1, 2, 1, 1701694456, 'Dec', '2023', 10000, 0, 6),
(203, 116, 8000, '2023-12-05', 0, 1, 'azdjv', 1, 2, 1, 1701766783, 'Dec', '2023', 8000, 8000, 1),
(204, 117, 4000, '2023-12-05', 0, 5, '4t45i', 1, 2, 1, 1701882328, 'Dec', '2023', 4000, 1000, 4),
(205, 118, 2000, '2023-12-06', 0, 1, 'bcivi', 1, 2, 1, 1701945758, 'Dec', '2023', 2000, 2000, 1),
(206, 119, 2750, '2023-12-07', 0, 1, 't71kl', 1, 2, 1, 1701947103, 'Dec', '2023', 2750, 250, 11),
(207, 120, 3500, '2023-12-14', 0, 8, '883wn', 1, 2, 1, 1701948692, 'Dec', '2023', 3500, 350, 10),
(208, 121, 500, '2023-12-09', 0, 5, 'ybwo2', 1, 2, 1, 1702134168, 'Dec', '2023', 500, 500, 1),
(209, 122, 9000, '2023-12-07', 0, 1, 'k8jj2', 1, 2, 1, 1702291926, 'Dec', '2023', 9000, 450, 20),
(210, 123, 24500, '2023-12-07', 0, 5, '9e6vt', 1, 2, 1, 1702292330, 'Dec', '2023', 0, 350, 70),
(211, 122, 11250, '2023-12-11', 0, 1, '4humu', 1, 2, 1, 1702292519, 'Dec', '2023', 11250, 450, 25),
(212, 124, 2000, '2023-12-11', 0, 5, 'rfray', 1, 2, 1, 1702302253, 'Dec', '2023', 0, 1000, 2),
(213, 125, 7500, '2023-12-12', 0, 1, '5ypsf', 1, 2, 1, 1702375918, 'Dec', '2023', 7500, 1500, 5),
(214, 126, 8010, '2023-12-11', 0, 5, 'mtmt8', 1, 2, 1, 1702376539, 'Dec', '2023', 0, 2670, 3),
(215, 127, 2499, '2023-12-12', 0, 5, 'okvk5', 1, 2, 1, 1702479089, 'Dec', '2023', 0, 833, 3),
(216, 128, 6000, '2023-12-12', 3000, 5, '8j5z2', 1, 2, 1, 1702480135, 'Dec', '2023', 0, 1500, 4),
(217, 129, 12650, '2023-12-12', 0, 5, 'f9zpq', 1, 2, 1, 1702480360, 'Dec', '2023', -12650, 550, 23),
(218, 130, 35700, '2023-12-05', 0, 5, 'v9937', 1, 2, 1, 1702542496, 'Dec', '2023', 35700, 350, 102),
(219, 131, 4000, '2023-12-16', 0, 5, 'hi6t1', 1, 2, 1, 1702735913, 'Dec', '2023', 0, 2000, 2),
(220, 122, 12600, '2023-12-16', 0, 5, '9bsda', 1, 2, 1, 1703085502, 'Dec', '2023', 0, 450, 28),
(221, 132, 21000, '2023-12-16', 0, 1, 'gcgch', 1, 2, 1, 1703085887, 'Dec', '2023', 21000, 350, 60),
(222, 133, 28800, '2023-12-21', 0, 5, 'ric6t', 1, 2, 1, 1703165935, 'Dec', '2023', 0, 900, 32),
(223, 134, 3600, '2022-12-21', 0, 1, '9eack', 1, 2, 1, 1703172111, 'Dec', '2023', 0, 900, 4),
(224, 135, 2100, '2023-12-22', 0, 5, '5w4xn', 1, 2, 1, 1703326635, 'Dec', '2023', 2100, 350, 6),
(225, 136, 4000, '2023-12-22', 0, 1, '55nk8', 1, 2, 1, 1703326889, 'Dec', '2023', 4000, 1000, 4),
(226, 137, 5850, '2023-12-27', 0, 5, '3v5fu', 1, 2, 1, 1703686385, 'Dec', '2023', 0, 450, 13),
(227, 138, 3000, '2023-12-27', 0, 5, 'dg6fx', 1, 2, 1, 1703686601, 'Dec', '2023', 0, 3000, 1),
(228, 139, 3000, '2023-12-23', 0, 5, 'u6vq1', 1, 2, 1, 1703686997, 'Dec', '2023', 0, 1500, 2),
(229, 139, 13200, '2023-12-27', 0, 5, 'fm325', 1, 2, 1, 1703756663, 'Dec', '2023', 13200, 300, 44),
(230, 140, 1200, '2023-12-29', 0, 5, 'e4ddb', 1, 2, 1, 1703853073, 'Dec', '2023', 0, 300, 4),
(231, 141, 16800, '2023-12-30', 0, 5, '27fpz', 1, 2, 1, 1703943625, 'Dec', '2023', 0, 150, 112),
(232, 142, 18000, '2024-01-01', 0, 5, 'sw66o', 1, 2, 1, 1704287635, 'Jan', '2024', 0, 18000, 1),
(233, 143, 2500, '0024-03-01', 0, 5, 'mgnsj', 1, 2, 1, 1704292652, 'Jan', '2024', 1500, 2500, 1),
(234, 144, 7000, '2024-03-12', 0, 5, 'cxhtp', 1, 2, 1, 1704294448, 'Jan', '2024', 0, 250, 28),
(235, 145, 2750, '2024-01-04', 0, 5, 'mqay4', 1, 2, 1, 1704360154, 'Jan', '2024', 0, 250, 11),
(236, 146, 500, '2024-01-04', 0, 5, 'g7xym', 1, 2, 1, 1704372390, 'Jan', '2024', 0, 250, 2),
(237, 147, 11400, '2024-01-05', 0, 5, 'zdy15', 1, 2, 1, 1704458107, 'Jan', '2024', 0, 600, 19),
(238, 139, 14400, '2024-01-05', 0, 5, 'oscaz', 1, 2, 1, 1704458395, 'Jan', '2024', 0, 300, 48),
(239, 148, 1750, '2024-01-08', 1000, 1, 'tlguj', 1, 2, 1, 1704729259, 'Jan', '2024', 750, 250, 7),
(240, 149, 1000, '2024-01-09', 0, 5, 'djlxy', 1, 2, 1, 1704807344, 'Jan', '2024', 0, 1000, 1),
(241, 150, 1000, '2024-01-09', 0, 8, '1u6h1', 1, 2, 1, 1704811290, 'Jan', '2024', 1000, 1000, 1),
(242, 151, 4000, '2024-01-04', 0, 5, 'epaxz', 1, 2, 1, 1704812074, 'Jan', '2024', 4000, 2000, 2),
(243, 152, 2500, '2024-01-04', 0, 5, 'r9x1l', 1, 2, 1, 1704813076, 'Jan', '2024', 0, 500, 5),
(244, 153, 1500, '2024-01-10', 0, 1, 'uh9oa', 1, 2, 1, 1704968746, 'Jan', '2024', 1500, 1, 1500),
(245, 154, 3000, '2024-01-10', 0, 5, '7ewqi', 1, 2, 1, 1704968931, 'Jan', '2024', 0, 500, 6),
(246, 155, 6300, '2024-01-12', 0, 5, 'vfli5', 1, 2, 1, 1705079062, 'Jan', '2024', 6000, 350, 18),
(247, 156, 16500, '2024-01-12', 0, 5, 'g4tmh', 1, 2, 1, 1705079187, 'Jan', '2024', 0, 500, 33),
(248, 157, 3000, '2024-01-12', 0, 5, 'jxnjj', 1, 2, 1, 1705079480, 'Jan', '2024', 0, 3000, 1),
(249, 158, 9000, '2024-01-12', 0, 5, '48qli', 1, 2, 1, 1705079789, 'Jan', '2024', 0, 450, 20),
(250, 135, 12250, '2024-01-12', 0, 1, 'tqwbj', 1, 2, 1, 1705079991, 'Jan', '2024', 12250, 350, 35),
(252, 159, 160000, '2024-01-16', 0, 3, 'lq7w6', 1, 2, 1, 1705172688, 'Jan', '2024', 160000, 400, 400),
(253, 160, 37500, '2024-01-17', 0, 1, 'bmsci', 1, 1, NULL, 1705172965, 'Jan', '2024', 37500, 2500, 15),
(254, 161, 12000, '2024-01-15', 0, 5, 'yyv6r', 1, 2, 1, 1705321770, 'Jan', '2024', 0, 600, 20),
(255, 162, 18600, '2024-01-15', 0, 1, 'ng8ef', 1, 2, 1, 1705331137, 'Jan', '2024', 18600, 300, 62),
(256, 162, 34200, '2024-01-15', 0, 1, 'd3iac', 1, 2, 1, 1705331700, 'Jan', '2024', 34200, 450, 76),
(257, 163, 5000, '2024-01-19', 0, 1, 'bhyol', 1, 2, 1, 1705400447, 'Jan', '2024', 0, 1000, 5),
(258, 106, 37450, '2024-01-16', 0, 1, '57hha', 1, 2, 1, 1705420468, 'Jan', '2024', 37450, 350, 107),
(259, 106, 14000, '2024-01-16', 0, 1, 'jixii', 1, 2, 1, 1705420602, 'Jan', '2024', 14000, 350, 40),
(261, 164, 34100, '2024-01-17', 0, 1, 'uqioq', 1, 2, 1, 1705495164, 'Jan', '2024', 4100, 550, 62),
(262, 165, 4000, '2024-01-19', 0, 1, '6lf8j', 1, 2, 1, 1705495326, 'Jan', '2024', 4000, 400, 10),
(263, 161, 4000, '2024-01-17', 0, 5, 'w9nqm', 1, 2, 1, 1705495563, 'Jan', '2024', 4000, 200, 20),
(266, 166, 46000, '2024-01-20', 46000, 1, 'silbc', 1, 2, NULL, 1705500751, 'Jan', '2024', 0, 400, 115),
(267, 167, 21000, '2024-01-18', 21000, 1, 'lhp22', 1, 2, NULL, 1705500884, 'Jan', '2024', 0, 700, 30),
(268, 167, 10500, '2024-01-18', 10500, 1, 'w6m1f', 1, 2, 1, 1705501210, 'Jan', '2024', 0, 350, 30),
(269, 167, 10500, '2024-01-18', 3500, 1, 'w51ko', 1, 2, 1, 1705501482, 'Jan', '2024', 7000, 350, 30),
(271, 168, 19200, '2024-01-19', 0, 1, 'llxgu', 1, 2, NULL, 1705501854, 'Jan', '2024', 19200, 400, 48),
(273, 169, 27600, '2024-01-22', 0, 1, 'hhz74', 1, 2, 1, 1705502254, 'Jan', '2024', 27600, 400, 69),
(274, 170, 12250, '2024-01-17', 0, 5, 'k4rc7', 1, 2, 1, 1705502387, 'Jan', '2024', 0, 250, 49),
(277, 170, 10000, '2024-01-17', 0, 5, '9rpw1', 1, 2, 1, 1705502748, 'Jan', '2024', 0, 500, 20),
(278, 170, 5250, '2024-01-17', 0, 5, 'fwih8', 1, 2, 1, 1705502904, 'Jan', '2024', 0, 350, 15),
(280, 171, 3000, '2024-01-20', 3000, 2, '67hfk', 1, 2, 1, 1705503128, 'Jan', '2024', 0, 1500, 2),
(281, 172, 36000, '2024-01-16', 0, 5, '8ffo1', 1, 2, 1, 1705504047, 'Jan', '2024', 0, 300, 120),
(282, 173, 3500, '2024-01-22', 0, 1, 'lz4aa', 1, 2, 1, 1705505541, 'Jan', '2024', 3500, 350, 10),
(283, 161, 4000, '2024-01-17', 0, 5, 'uii86', 1, 2, 1, 1705505775, 'Jan', '2024', 0, 200, 20),
(284, 174, 4500, '2024-01-20', 0, 1, 'l5ujg', 1, 2, 1, 1705577698, 'Jan', '2024', 4500, 1125, 4),
(285, 175, 2400, '2024-01-22', 0, 1, 'm26ir', 1, 2, 1, 1705580427, 'Jan', '2024', 2400, 400, 6),
(286, 176, 5400, '2024-01-23', 0, 5, '56ouy', 1, 2, 1, 1705581936, 'Jan', '2024', 5400, 300, 18),
(287, 177, 3000, '2024-01-19', 0, 5, 'ma15j', 1, 2, 1, 1705586166, 'Jan', '2024', 250, 250, 12),
(288, 178, 10500, '2024-01-23', 0, 5, 'e1aua', 1, 2, 1, 1705918541, 'Jan', '2024', 0, 350, 30),
(289, 162, 25200, '2024-01-24', 0, 1, 'd9u8r', 1, 2, 1, 1705918800, 'Jan', '2024', 25200, 450, 56),
(290, 179, 15540, '2024-01-26', 0, 1, 'miwbv', 1, 2, 1, 1705918996, 'Jan', '2024', 0, 420, 37),
(291, 162, 2700, '2024-01-24', 0, 4, 'ke1qs', 1, 2, 1, 1705919222, 'Jan', '2024', 2700, 450, 6),
(292, 180, 15000, '2024-01-25', 5000, 5, 'p69hh', 1, 2, 1, 1705935007, 'Jan', '2024', 0, 300, 50),
(293, 176, 18600, '2024-01-27', 0, 1, 'wydkx', 1, 2, 1, 1706003761, 'Jan', '2024', 18600, 300, 62),
(294, 181, 21000, '2024-01-29', 7000, 5, 'ag2ln', 1, 2, 1, 1706019002, 'Jan', '2024', 1000, 350, 60),
(295, 178, 9100, '2024-01-30', 0, 5, 'dkp2m', 1, 2, 1, 1706019243, 'Jan', '2024', 0, 350, 26),
(297, 182, 29700, '2024-01-27', 0, 4, 'v2seh', 1, 2, NULL, 1706040129, 'Jan', '2024', 29700, 300, 99),
(298, 183, 9000, '2024-01-24', 9000, 5, 'x9jkx', 1, 2, 1, 1706040252, 'Jan', '2024', 0, 1500, 6),
(299, 184, 3000, '2024-01-24', 0, 5, '8q6nh', 1, 2, 1, 1706111672, 'Jan', '2024', 0, 1500, 2),
(300, 185, 24000, '2024-01-27', 0, 5, '87dyf', 1, 2, 1, 1706192286, 'Jan', '2024', 24000, 400, 60),
(301, 92, 7040, '2024-01-30', 0, 1, '1me9g', 1, 2, NULL, 1706192745, 'Jan', '2024', 7040, 880, 8),
(302, 186, 10000, '2024-01-27', 2000, 1, 'y9ddx', 1, 2, NULL, 1706195322, 'Jan', '2024', 8000, 500, 20),
(303, 187, 2700, '2024-02-03', 0, 5, 'g3xxp', 1, 2, 1, 1706198910, 'Jan', '2024', 0, 300, 9),
(304, 188, 2400, '2024-01-01', 0, 1, 'epzil', 1, 2, 1, 1706199081, 'Jan', '2024', 2400, 800, 3),
(305, 189, 3750, '2024-01-01', 0, 1, '3aszm', 1, 2, 1, 1706199390, 'Jan', '2024', 3750, 250, 15),
(306, 190, 8750, '2024-01-31', 0, 1, '999b4', 1, 2, 1, 1706366750, 'Jan', '2024', 8750, 350, 25),
(307, 191, 1500, '2024-01-27', 0, 5, 'pzjni', 1, 2, 1, 1706367066, 'Jan', '2024', 0, 750, 2),
(308, 192, 5000, '2024-01-31', 0, 1, 'l8vmj', 1, 2, 1, 1706367227, 'Jan', '2024', 500, 500, 10),
(309, 193, 2000, '2024-02-01', 0, 1, 'x2yp2', 1, 2, 1, 1706525184, 'Jan', '2024', 2000, 2000, 1),
(310, 194, 2500, '2024-02-01', 0, 1, 'vpkug', 1, 2, 1, 1706525369, 'Jan', '2024', 2500, 500, 5),
(311, 190, 17850, '2024-02-02', 0, 1, 'flo1z', 1, 2, 1, 1706533348, 'Jan', '2024', 17850, 350, 51),
(312, 195, 3000, '2024-01-31', 0, 5, 'rtk5v', 1, 2, 1, 1706616930, 'Jan', '2024', 0, 600, 5),
(313, 196, 7000, '2024-01-31', 0, 1, 'ddhsg', 1, 2, 1, 1706617669, 'Jan', '2024', 7000, 7000, 1),
(314, 197, 1200, '2024-01-02', 0, 5, 'lq6pz', 1, 2, 1, 1706701825, 'Jan', '2024', 0, 600, 2),
(315, 161, 12000, '2024-01-02', 0, 5, 'udp4n', 1, 2, 1, 1706701993, 'Jan', '2024', 0, 600, 20),
(316, 122, 1800, '2024-02-03', 0, 5, 'hgssy', 1, 2, 1, 1706702154, 'Jan', '2024', 0, 450, 4),
(317, 155, 6300, '2024-02-05', 0, 5, '8c7wc', 1, 2, 1, 1706785680, 'Feb', '2024', 0, 350, 18),
(318, 187, 1800, '2024-02-05', 0, 1, 'rj52k', 1, 2, 1, 1706804687, 'Feb', '2024', 1800, 300, 6),
(319, 198, 15200, '2024-02-06', 0, 1, 'phvp7', 1, 2, 1, 1706888187, 'Feb', '2024', 15200, 800, 19),
(320, 199, 6300, '2024-02-07', 0, 1, 'z1q5h', 1, 2, 1, 1706888493, 'Feb', '2024', 6300, 300, 21),
(321, 200, 750, '2024-02-03', 0, 5, '9tbcu', 1, 2, 1, 1706958703, 'Feb', '2024', 0, 250, 3),
(322, 201, 2000, '2024-02-07', 0, 1, 'ann3n', 1, 2, 1, 1706959586, 'Feb', '2024', 0, 2000, 1),
(323, 201, 52000, '2024-02-08', 0, 1, 'bxj2s', 1, 2, 1, 1706960213, 'Feb', '2024', 52000, 500, 104),
(324, 202, 4992, '2024-02-06', 0, 1, 'ffhtg', 1, 2, 1, 1707151736, 'Feb', '2024', 3492, 832, 6),
(325, 203, 1000, '2024-02-08', 0, 1, 'pc5pr', 1, 2, 1, 1707233882, 'Feb', '2024', 1000, 1000, 1),
(326, 204, 4000, '2024-02-06', 0, 5, 'z6pvy', 1, 2, 1, 1707234276, 'Feb', '2024', 0, 2000, 2),
(327, 205, 21000, '2024-10-02', 0, 1, '13m45', 1, 2, 1, 1707305639, 'Feb', '2024', 6000, 420, 50),
(328, 84, 500, '2024-07-02', 0, 5, '64cuq', 1, 2, 1, 1707306068, 'Feb', '2024', 0, 500, 1),
(329, 206, 4950, '2024-10-02', 0, 1, 'xrms8', 1, 2, 1, 1707306210, 'Feb', '2024', 4950, 450, 11),
(330, 207, 93860, '2024-12-02', 0, 4, 'nc5ww', 1, 2, 1, 1707322525, 'Feb', '2024', 0, 380, 247),
(331, 208, 9900, '2024-02-13', 0, 5, 'qeaue', 1, 2, 1, 1707574746, 'Feb', '2024', 0, 450, 22),
(332, 84, 6900, '2024-02-12', 0, 1, 'uqdl6', 1, 2, 1, 1707575418, 'Feb', '2024', 6900, 300, 23),
(333, 179, 2450, '2024-02-14', 0, 1, 'a5dya', 1, 2, 1, 1707575735, 'Feb', '2024', 2450, 350, 7),
(334, 209, 12000, '2024-12-02', 0, 5, 'dgox4', 1, 2, 1, 1707733375, 'Feb', '2024', 0, 600, 20),
(335, 157, 24500, '2024-02-14', 0, 5, 'gjtqd', 1, 2, 1, 1707734479, 'Feb', '2024', 0, 700, 35),
(336, 127, 1000, '2024-02-17', 0, 1, 'en9fb', 1, 2, 1, 1707928066, 'Feb', '2024', 1000, 500, 2),
(337, 210, 2400, '2024-02-14', 0, 5, 'koz7r', 1, 2, 1, 1707928520, 'Feb', '2024', 0, 300, 8),
(338, 164, 1650, '2024-02-18', 0, 1, 'ik1lw', 1, 2, 1, 1707928681, 'Feb', '2024', 1650, 550, 3),
(339, 211, 1000, '2024-02-15', 0, 5, '3e837', 1, 2, 1, 1708013577, 'Feb', '2024', 1000, 500, 2),
(340, 211, 1000, '2024-02-19', 0, 1, 'sl7h3', 1, 2, 1, 1708013747, 'Feb', '2024', 1000, 500, 2),
(341, 84, 500, '2024-02-19', 0, 5, 'lrg8c', 1, 2, 1, 1708357815, 'Feb', '2024', 500, 250, 2),
(342, 212, 2000, '2024-02-19', 0, 5, 'qwsca', 1, 2, 1, 1708358118, 'Feb', '2024', 2000, 500, 4),
(343, 137, 2400, '2024-02-19', 0, 5, 'tjiu1', 1, 2, 1, 1708358258, 'Feb', '2024', 0, 400, 6),
(344, 213, 2400, '2024-02-22', 0, 1, '9padj', 1, 2, 1, 1708358431, 'Feb', '2024', 2400, 600, 4),
(345, 84, 500, '2024-02-19', 0, 5, 'g9yih', 1, 2, 1, 1708358555, 'Feb', '2024', 500, 500, 1),
(346, 214, 300, '2024-02-20', 0, 5, 'h2iih', 1, 2, 1, 1708358704, 'Feb', '2024', 0, 300, 1),
(347, 215, 750, '2024-02-23', 0, 5, 'kh99m', 1, 2, 1, 1708436960, 'Feb', '2024', 0, 250, 3),
(348, 216, 4000, '2024-02-21', 0, 5, 'rtljw', 1, 2, 1, 1708438138, 'Feb', '2024', 0, 2000, 2),
(349, 163, 4000, '2024-02-25', 4000, 1, 'u58lq', 1, 2, 1, 1708617229, 'Feb', '2024', 0, 1000, 4),
(350, 84, 600, '2024-02-28', 0, 1, 'oiw2o', 1, 2, 1, 1708959659, 'Feb', '2024', 600, 600, 1),
(351, 205, 175000, '2024-02-28', 15000, 1, 'ngpgq', 1, 2, 1, 1708959829, 'Feb', '2024', 160000, 350, 500),
(352, 217, 10000, '2024-03-02', 0, 1, 'db9ez', 1, 2, 1, 1708959987, 'Feb', '2024', 10000, 500, 20),
(353, 175, 2500, '2024-02-27', 0, 1, 'yh1qb', 1, 2, 1, 1708960111, 'Feb', '2024', 2500, 500, 5),
(354, 218, 17500, '2024-02-28', 15000, 1, '4solj', 1, 2, 1, 1708960939, 'Feb', '2024', 0, 350, 50),
(355, 178, 3500, '2024-02-05', 0, 1, 'c3kke', 1, 2, 1, 1709051624, 'Feb', '2024', 3500, 350, 10),
(356, 219, 4000, '2024-03-05', 0, 1, 'zgywu', 1, 2, 1, 1709051833, 'Feb', '2024', 4000, 1000, 4),
(357, 219, 7500, '2024-03-05', 5000, 5, 't4ok8', 1, 2, 1, 1709051987, 'Feb', '2024', 0, 250, 30),
(359, 220, 3000, '2024-03-06', 0, 5, 'qozkg', 1, 2, 1, 1709115376, 'Feb', '2024', 0, 3000, 1),
(360, 221, 9000, '2024-02-28', 6000, 5, 'uhjp4', 1, 2, 1, 1709115536, 'Feb', '2024', 0, 1500, 6),
(361, 213, 1200, '2024-03-06', 0, 1, 'dyvzn', 1, 2, 1, 1709570053, 'Mar', '2024', 1200, 600, 2),
(362, 224, 3600, '2024-03-12', 2000, 1, 'wr1hb', 1, 2, 1, 1710229841, 'Mar', '2024', 1600, 900, 4),
(363, 211, 3000, '2024-03-12', 0, 5, 'mipx8', 1, 2, 1, 1710230154, 'Mar', '2024', 3000, 1000, 3),
(364, 225, 12000, '2024-03-12', 0, 5, '7imwp', 1, 2, 1, 1710235159, 'Mar', '2024', 0, 500, 24),
(365, 226, 75000, '2024-03-17', 0, 5, 'm7toe', 1, 2, 1, 1710938249, 'Mar', '2024', 75000, 18750, 4),
(366, 226, 500, '2024-03-18', 0, 5, '9ucw7', 1, 2, 1, 1710938465, 'Mar', '2024', 500, 500, 1),
(367, 227, 2500, '2024-03-04', 0, 5, 'bjaeg', 1, 2, 1, 1712160569, 'Apr', '2024', 2500, 2500, 1),
(368, 228, 8500, '2024-05-04', 5000, 5, '7m9t4', 1, 2, 1, 1712327187, 'Apr', '2024', 3500, 500, 17),
(369, 229, 7000, '2024-08-13', 1000, 1, 'nkipx', 1, 2, 1, 1723214436, 'Aug', '2024', 5400, 7000, 1);

-- --------------------------------------------------------

--
-- Table structure for table `order_notes`
--

CREATE TABLE `order_notes` (
  `id` int(11) NOT NULL,
  `order_id` varchar(10) DEFAULT NULL,
  `staff_id` int(11) DEFAULT NULL,
  `note` text DEFAULT NULL,
  `timestamp` int(11) DEFAULT NULL
) ENGINE=InnoDB DEFAULT CHARSET=utf8 COLLATE=utf8_general_ci;

--
-- Dumping data for table `order_notes`
--

INSERT INTO `order_notes` (`id`, `order_id`, `staff_id`, `note`, `timestamp`) VALUES
(28, 'a6stv', 1, 'nametag', 1591796565),
(29, 'nb8hu', 1, 'sample job', 1591796860),
(30, 'ksurv', 1, 'caps', 1591797123),
(31, '3we5e', 1, 'shirts', 1591797346),
(32, 'dob16', 1, 'caps were done  outside the company', 1591798145),
(33, '41b7g', 1, 'uni-port job', 1591798358),
(34, 'kt1yc', 1, '84 pieces but 80 charged', 1591804440),
(35, 'xvvd5', 1, 't shirts front and back', 1591808085),
(36, '4c2y7', 1, 'discount of N200 given on caps', 1591808267),
(37, 'hc484', 1, 'chair cover', 1591808700),
(38, 'lwgsk', 1, 'choir robes ....bass sign', 1591809082),
(39, 'gydyh', 1, 'ntepsmart', 1591809352),
(40, 'rdzak', 1, 'rank ... ask director for details', 1591809680),
(41, 'b7348', 1, 't shirt', 1591809995),
(42, '61hnb', 1, 'badge @350\r\nname tag ayf@200', 1591810767),
(43, 'csxak', 1, 'different names', 1591810931),
(44, '8wddh', 1, 'T-shirt.Hunter group job', 1591962393),
(45, 'r23vv', 1, 'Caps Hunter', 1591962475),
(46, 'qlvjr', 1, 'Towel', 1591962719),
(47, '3g543', 1, 'Shirts', 1591964632),
(48, 'kp6b8', 1, 'Hunters caps', 1591966152),
(49, 't1fdy', 1, 'Sample Eagle Crest schools', 1592075569),
(50, 'rdzak', 1, 'Director Accepted he paid 1000 against 2000 charged', 1592075754),
(51, 'arn8l', 1, '3 delivery first', 1592151984),
(52, '2gvfs', 1, 'Godwin collected the job illegally and the director discovered when Buhari came for collection.\r\nHe paid 3k to Godwin which is used as his salary advance. Then He balanced 1k', 1592318706),
(53, 'ukyl6', 1, 'Fountain of life intl', 1592319002),
(54, '2jnbd', 1, 'Names on clothes', 1592319187),
(55, 'c7tiy', 1, 'Name tag', 1592319465),
(56, 'qemio', 1, 'Salvation badge', 1592321464),
(57, 'euy39', 1, 'Sample copy plus extra', 1592510511),
(58, 'a6nel', 1, 'Sample and 1 extra', 1592602457),
(59, 'j1526', 1, 'Sample work', 1592925314),
(60, 'hc484', 1, 'He carried 100 pieces today. 6/23/2020.\r\n33 left', 1592925591),
(61, 'r23vv', 1, 'He will pay balance of 800 ,when he brings next badge', 1592925775),
(62, 'nikko', 1, 'Sample cloth', 1592926229),
(63, 'gwy2v', 1, 'T shirts', 1593103621),
(64, '31d3k', 1, 'Caps badge', 1593103701),
(65, 'hqf1n', 1, 'Nps work on coveralls', 1593547640),
(66, 'dw2az', 1, 'Hunters badges', 1593548115),
(67, 'd4hws', 1, 'Corrected jobs', 1593548269),
(68, '7weyx', 1, 'I did sample of 2 first and he paid 2k then brought 15 afterward. He complained that the job were not done well', 1593548547),
(69, '5fbcw', 1, 'Front and back', 1593549926),
(70, 'uqpfe', 1, 'T shirts', 1593550138),
(71, '6owiy', 1, 'Caps . Lipstrock ', 1593550264),
(72, 'ldp7m', 1, 'Hbd\r\nApostle', 1593550453),
(73, 'x6xoa', 1, 'Face mask sample', 1593550978),
(74, '2546w', 1, 'Throw pillows ', 1593966383),
(75, '6dty1', 1, 'Towels via Ekemini Billy', 1593966569),
(76, 's4y5g', 1, 'Barbers job', 1593966804),
(77, 'kum7q', 1, 'Mother day towels', 1593966943),
(78, 'r23vv', 1, 'He has paid the ball of 800', 1593967504),
(79, 'y4cqv', 1, 'Beautiful chioma birthday towels', 1593967853),
(80, 'sewnu', 1, 'He added one to the existing 8 to make it 9pieces', 1593968097),
(81, '99tw9', 1, 'Assetfx coveralls', 1593968267),
(82, 'nbql7', 1, 'Cover all', 1595009906),
(83, 'e6sto', 1, 'Madam 2,oga 2, supreme 1', 1595010180),
(84, 'w1kse', 1, 'Aprons 5', 1595010294),
(85, 'dw2az', 1, 'He later increased the qty to 50pieces and we charged 350 each.Balance is 7500', 1595010490),
(86, 'yxhki', 1, 'Kumbit t-shirts', 1595010851),
(87, 'm1spz', 1, 'Shirts not from Brian', 1595011049),
(88, 'idye5', 1, 'Navy blue t-shirts', 1595011202),
(89, '2v7fa', 1, 'Aks liberation movement mufla', 1595011405),
(90, '2zpf1', 1, 'CGI face masks', 1595011589),
(91, 'b7wlb', 1, 'Shirts', 1595011769),
(92, 'dr4qu', 1, 'Badges for caps', 1595011852),
(93, 'brkfb', 1, 'Face caps were sublet to lipstrock', 1595012070),
(94, 'l7mty', 1, 'Face caps were sublet to lipstrock', 1595012081),
(95, 'l5iul', 1, 'Hunters badges for berret', 1595012194),
(96, 'l5iul', 1, 'We monogrammed 30 pieces and he picked 10.so 20 are still left', 1595012360),
(97, 'l5iul', 1, 'We monogrammed 30 pieces and he picked 10.so 20 are still left', 1595012390),
(98, 'l5iul', 1, 'We monogrammed 30 pieces and he picked 10.so 20 are still left', 1595012395),
(99, '9yse2', 1, 'One shirt and one cap', 1595012538),
(100, 'iyt5m', 1, 'One shirt and one cap', 1595012552),
(101, 'foflx', 1, 'Mufla with 9 logos', 1595012787),
(102, 'ctvro', 1, 'A pair for shoe monogram crown\r\nA cap monogramed crown and uyoata', 1595013350),
(103, 'nhomq', 1, 'Towels via Ekemini Billy', 1595013548),
(104, 'okth5', 1, 'Fire t shirts', 1595013767),
(105, 'ibuuz', 1, 'Tomsville logo gold', 1595014452),
(106, 'r9adg', 1, 'Lutheran logo front.\r\nWrite up back', 1595014705),
(107, 'qte9q', 1, 'Gladavour gas Coveralls .writing on the back alone with white thread', 1595014904),
(108, 'c7ojo', 1, 'Hunters t-shirts', 1595015121),
(109, '5dzom', 1, '2 byc t-shirts\r\n2 pockets\r\n2 caps-sublet to lipstrock', 1595015336),
(110, 'yyhv9', 1, 'We have done 5 .\r\nWaiting for the rest from the Tailor Godfrey', 1595015566),
(111, '5d2mt', 1, 'I did 2 knight samples', 1595015957),
(112, 'w9v83', 1, 'Godwin and ubon knows about the job.', 1595016302),
(113, '4jp8v', 1, 'S without boarder', 1595017709),
(114, 'pkxvi', 1, 'S with boarder blue', 1595017836),
(115, 'qwbw7', 1, 'Salvation shield Beret filling', 1595017998),
(116, '7jr4q', 1, 'H.l.s', 1595018159),
(117, '7u4jz', 1, 'S with boarder black', 1595018245),
(118, 'gqlqb', 1, 'Salvation shield badge', 1595018442),
(119, 'r2dnh', 1, 'T.l', 1595019230),
(120, 'k14fv', 1, 'Apls', 1595019355),
(121, '2j5d1', 1, 'Southhills hotels white thread on white towels', 1595109822),
(122, 'bug8o', 1, 'The work will be 2000 pieces', 1595110008),
(123, 'wl3w8', 1, 'Nametag17/7/2020', 1595973220),
(124, 'zcam9', 1, 'Vio shoulder badge 18720', 1595973883),
(125, 'g1ggb', 1, 'Vio shoulder badge 18720', 1595973915),
(126, 'xap4d', 1, 'Vio rank 18720', 1595974028),
(127, 'pk6ke', 1, 'Vio rank 18720', 1595974041),
(128, 'j685t', 1, 'Coat of arms 18720', 1595974167),
(129, 'z2cbf', 1, 'NG ubek nametag18720', 1595974306),
(130, 'kbkho', 1, 'NG ubek nametag18720', 1595974315),
(131, 'eu6iw', 1, 'Round neck T-shirt', 1595976784),
(132, '32lkx', 1, 'Leap tech computer round neck18720', 1595976938),
(133, '51585', 1, 'Caps for roglad', 1595977037),
(134, 'u31l9', 1, 'Caps for roglad', 1595977046),
(135, 'sbph1', 1, 'Bed spreads  20720', 1595977287),
(136, '5hpp2', 1, 'Face mask for frsc', 1595977436),
(137, '3v5ql', 1, 'Names and numbers', 1596312800),
(138, 't6dvb', 1, 'Nametag', 1596313149),
(139, 'fv4o2', 1, 'Towels for burial 22720', 1596313313),
(140, 'wia7w', 1, 'Shirts 22720', 1596319446),
(141, 'uu9qp', 1, 'Shirts 22720', 1596319472),
(142, '9tpip', 1, 'Shirts 22720', 1596319478),
(143, '4o6qq', 1, 'Face mask 24720', 1596319640),
(144, 'gje93', 1, 'White chef clothes 25720', 1596319926),
(145, 'vf5eq', 1, 'Long sleeve chef clothes \r\nBranded 2 places', 1596320112),
(146, 'ool96', 1, 'Long sleeve chef clothes \r\nBranded 2 places', 1596320132),
(147, '2xowq', 1, 'Blissful shirts25720', 1596320282),
(148, 'x4kiw', 1, 'Shirts 25720', 1596320544),
(149, 'uki7z', 1, 'Name tag', 1596320740),
(150, 'qbkt7', 1, 'Name tag', 1596320809),
(151, 'enmzs', 1, 'A set of a pair of shoe and cap 28720', 1596320932),
(152, 'if56j', 1, '28720', 1596321378),
(153, 'mqrnh', 1, 'T-shirts crcn youth front and back 28720', 1596321611),
(154, 'wjbke', 1, '28720', 1596321624),
(155, '1j3hd', 1, '60 pillowcase\r\n15 towels\r\n15 bed spread', 1596474876),
(156, 'iohft', 1, 'I bought the t Shirts from Ebube', 1596475056),
(157, '3i6mc', 1, 'Small Towels', 1596475189),
(158, 'c77l5', 1, 'Gladavour coveralls', 1596475381),
(159, 'p6vn1', 1, 'Gladavour coveralls', 1596475518),
(160, 'f42it', 1, 'School uniform', 1610440951),
(161, 'f42it', 1, 'Pls use black for the', 1610441697),
(162, '6xhqj', 30, 'Hour of Worship. royal blue thread.', 1625676459),
(163, '1fwm8', 1, 'Medical outreach team of flcc', 1625734519),
(164, 'nx27p', 30, 'Black', 1635875791),
(165, 'w8hbg', 1, 'Use red thread all through. Iquo inyang file name', 1646724024),
(166, 'h7dpt', 1, 'Use red thread all through. Iquo inyang file name', 1646724110),
(167, '1mu4i', 1, 'New king seed academy logo', 1646724654),
(168, 'zb163', 1, 'Full life logo front and full life academy back', 1646738594),
(169, 'icekm', 1, 'Lfc Ikot Oku ikono', 1646738820),
(170, 'c64gd', 1, 'Rccg logo with write up', 1646754481),
(171, '97dqh', 1, 'Rccg logo with write up', 1646754638),
(172, 'sycp2', 1, 'Rccg logo with write up', 1646754734),
(173, 'g2q86', 32, 'Golden Women foundation back', 1651519501),
(174, '6m2ke', 32, 'Use green colour ', 1663327183),
(175, '5gz6l', 1, 'Monogram on white shirt.common friend\r\nUsed white colour thread', 1664638083),
(176, 'sbq18', 1, 'Virtue model school.use green size ', 1667213267),
(177, 'sbq18', 1, 'Please increase the size of 3.5inches', 1667213441),
(178, 'sbq18', 1, 'Please increase the size of 3.5inches', 1667213449),
(179, 'futgv', 1, 'UMA ukpai evangelistic  logo uuef orange colour', 1667309717),
(180, 'mjtyc', 1, 'UMA ukpai evangelistic  logo uuef orange colour', 1667309718),
(181, '9umms', 1, 'savcord school skyblue colour', 1695418934),
(182, 'r78rv', 1, 'savcord school skyblue colour', 1695418937),
(183, 'jf71f', 1, 'Glopower school navy blue background ', 1695548318),
(184, 'mpqg5', 1, 'Glopower school navy blue background ', 1695549582),
(185, 'bgrmq', 1, 'Limmco sch ', 1695550832),
(186, 'ki5dd', 1, 'White and ash Jochebed school ', 1695551005),
(187, 'xbl8v', 1, 'Yellow, fortress of Hope school ', 1695551435),
(188, '4d4gq', 1, 'SAVCORD JOB SPORTS UNIFORM. SKYBLUE AND GREEN', 1697218752),
(189, 'cf6qb', 1, 'one black and navy blue trouser. with red button hole and button in front', 1697219415),
(190, 'uyde8', 1, '1 black short and navy blue with red button holes', 1697219529),
(191, 'x3z7n', 1, 'celebration of life. david udoibuot', 1697219847),
(192, '65tez', 1, '       celebration of life. \r\nAUGUSTINE DAVID UDOIBUOT.\r\n(Purple colour)\r\n', 1697220621),
(193, '7y1q7', 1, 'starbreed high school', 1697221370),
(194, 'u116u', 1, 'Brainstorm logo\r\nsample\r\nask director for the logo', 1697221546),
(195, 'hti1m', 1, 'write \'PURE BRASS\' \r\ncheck the old system\r\nred and royal blue', 1697222119),
(196, 'uu4vw', 1, 'please check premier lotto logo on the old system', 1697223540),
(197, 'b99za', 1, 'rosyhill logo', 1697224019),
(198, '5kpz7', 1, 'rosyhill logo', 1697224204),
(199, '1dpmy', 1, 'Cross stitch job\r\nAsk Director for the design ', 1697231165),
(200, 't96uw', 1, 'Arise logo', 1697231354),
(201, 'idirg', 1, 'Agbada design', 1697231585),
(202, '3j59g', 1, 'Pharmacy uniuyo work ', 1701531322),
(203, 'swvcj', 1, 'pacmed towels', 1701684931),
(204, '3tmh8', 1, 'prof philip job', 1701685225),
(205, 'eteru', 1, 'ima nurse.pocketsize. red colour', 1701685635),
(206, 'j8mdu', 1, 'ima nurse.pocketsize. red colour', 1701685636),
(207, 'v2cta', 1, 'luthon park logo on 2o tweis', 1701693640),
(208, 'mj137', 1, 'the mufia 10000 for the 6 pic', 1701694457),
(209, 'azdjv', 1, 'tom tom has transfer 8000', 1701766783),
(210, 't71kl', 1, 'please use navy blue thread for the maroon and use maroon thread on navy blue', 1701947103),
(211, '883wn', 1, 'l f c ibom layout', 1701948692),
(212, 'rfray', 1, 'please use red thread for the names', 1702302253),
(213, '8j5z2', 1, 'do the logo  in front than behind use white thread to write restoration than use red thread to write media', 1702480135),
(214, 'f9zpq', 1, 'He was satisfied', 1702763296),
(215, '5ypsf', 1, '', 1703078120),
(216, '27fpz', 1, 'b i s paid for 117 which is 17550', 1703943625),
(217, '27fpz', 1, 'b i s paid for 117 which is 17550 but paid 112', 1703943772),
(218, 'g7xym', 1, ' ', 1704372390),
(219, '53vos', 1, 'Christ the king Nur/Pri sch Logo ', 1705172586),
(220, 'lq7w6', 1, 'Christ the king Nur/Pri sch Logo ', 1705172688),
(221, 'bmsci', 1, 'Church of God mission . Men fellowship muffler. With blue satin and white trimming ', 1705172965),
(222, 'vfli5', 1, 'transfer 3000 and paid 3000 and owing 300', 1705308994),
(223, 'yyv6r', 1, 'city and guild logo and write city and guild of london at the back with black thread', 1705321770),
(224, 'ng8ef', 1, 'do just the logo', 1705331137),
(225, 'd3iac', 1, 'please do the logo and write mefami lnt\'l schools at the back', 1705331700),
(226, 'ada7a', 1, 'Murval suites. Yellow and blue ', 1705500361),
(227, '6e6to', 1, 'Murval suites. Yellow and blue ', 1705500487),
(228, 'silbc', 1, 'Murval suites. Yellow and blue ', 1705500751),
(229, 'lhp22', 1, 'Cutting edge security shirts . Badge on sleeve and name tag in front. Blue and red', 1705500884),
(230, 'w6m1f', 1, 'Cutting edge security polo. Breast pocket left.Blue and red', 1705501210),
(231, 'w51ko', 1, 'Cutting edge security caps. Direct on Cap. Red and blue ', 1705501482),
(232, 'm2dhs', 1, 'Brick Academy logo  on left pocket of shirt ', 1705501679),
(233, 'llxgu', 1, 'Brick Academy logo  on left pocket of shirt ', 1705501854),
(234, 'bclyf', 1, 'St Vincent center logo on the left side of cloth. ', 1705502082),
(235, 'hhz74', 1, 'St Vincent center logo on the left side of cloth. ', 1705502254),
(236, 'k4rc7', 1, 'Ksj and numbers', 1705502387),
(237, 'sspc8', 1, 'St Vincent center logo on the left side of cloth. ', 1705502407),
(238, 'vdyie', 1, 'St Vincent center logo on the left side of cloth. ', 1705502417),
(239, '9rpw1', 1, 'Big badge ', 1705502748),
(240, 'fwih8', 1, 'Small badge', 1705502904),
(241, '88kdk', 1, 'Small badge', 1705502979),
(242, '67hfk', 1, 'Brixton sch logo', 1705503128),
(243, '8ffo1', 1, 'Aylward school logo', 1705504047),
(244, 'ma15j', 1, 'PLEASE WRITE THE AT WAY THE  MARK', 1705586166),
(245, 'p69hh', 1, 'PLEASE USE MAROON THREAD', 1705935007),
(246, 'ma15j', 1, 'PLEASE THE CLOTH 11 PICS NOT 12 ', 1706019375),
(247, '56ouy', 1, 'Courtesy Mr paul', 1706024548),
(248, 'hhz74', 1, 'Courtesy Mr paul', 1706024652),
(249, 'hhz74', 1, 'Courtesy Mr paul', 1706024654),
(250, 'hhz74', 1, 'Courtesy Mr paul', 1706024657),
(251, '4pdc9', 1, 'Egg mart logo', 1706040054),
(252, 'v2seh', 1, 'Egg mart logo', 1706040129),
(253, 'x9jkx', 1, 'Ranks', 1706040252),
(254, '87dyf', 1, 'Galilee secondary sch.\r\nN/B please remove Nur and print from the previous Logo ', 1706192286),
(255, '1me9g', 1, 'Neosense front and back,. Sent to Director Whatsapp\r\n', 1706192745),
(256, 'x9jkx', 1, 'We did extra utqen 5 and tuc 5. He has not pay yet', 1706192902),
(257, 'y9ddx', 1, 'Jimaco work . ', 1706195322),
(258, '3aszm', 1, 'USE MAROON THREAD ON THE PINK SHIRT AND USE SKYBLUE ON THE WHITE SHIRT', 1706199390),
(259, 'rtk5v', 1, 'PLEASE WRITE  HOPE LAND PROPERTIES', 1706616930),
(260, 'ddhsg', 1, 'USE ROYAL BLUE THREAD', 1706617669),
(261, 'l8vmj', 1, '4500 BY DIRECTOR\'S ORDER', 1706702285),
(262, 'ag2ln', 1, 'TO PAY 20000 BY DIRECTOR\'S ORDER', 1706702477),
(263, 'ann3n', 1, 'SAMPLE', 1706959586),
(264, 'bxj2s', 1, 'CODAFON FRONT LOGO BELOW RACK IN FRONT THAN  CONDAFON AT THE BACK\r\nLIMMCO PINK LOGO AT THE CHEST LIMMCO AT THE  BACK \r\nBLUE LOGO AT THE FRONT', 1706960213),
(265, '8c7wc', 1, 'THEY PAID FOR 17 SHIRT', 1707152412),
(266, 'pc5pr', 1, 'BLACK', 1707233882),
(267, '13m45', 1, 'TRANSFER 15,000', 1707305692),
(268, 'dgox4', 1, 'PAID 10000 AND TRANSFER 2000', 1707733375),
(269, 'gjtqd', 1, '24500- 3000 SAMPLE', 1707734479),
(270, 'gjtqd', 1, 'transfer 21500', 1707735003),
(271, 'en9fb', 1, 'USE GOLD FOR THE NAME AND THE ARMED SQUAD ', 1707928066),
(272, 't4ok8', 1, 'PLEASE USE RED THREAD', 1709051987),
(273, 'zyfo7', 1, 'PLEASE USE RED THREAD', 1709051988),
(274, '7m9t4', 1, 'TRANSFER OF 5000 THAN PAID 3500 AT HAND', 1712327187),
(275, 'nkipx', 1, 'Transfer, 4000 to balance 2,000', 1723214436),
(0, 'nkipx', 1, 'ok', 1725649716);

-- --------------------------------------------------------

--
-- Table structure for table `order_status`
--

CREATE TABLE `order_status` (
  `id` int(11) NOT NULL,
  `status_name` varchar(100) DEFAULT NULL,
  `color` varchar(50) DEFAULT NULL,
  `slug` varchar(50) DEFAULT NULL
) ENGINE=InnoDB DEFAULT CHARSET=utf8 COLLATE=utf8_general_ci;

--
-- Dumping data for table `order_status`
--

INSERT INTO `order_status` (`id`, `status_name`, `color`, `slug`) VALUES
(1, 'Pending', NULL, 'Pending'),
(2, 'Digitalizing', NULL, 'Digitalizing'),
(3, 'Machine Processing', NULL, 'Machine Processing'),
(4, 'Finishing', NULL, 'Finishing'),
(5, 'Delivered', NULL, 'Delivered'),
(6, 'Cutting', NULL, 'Cutting'),
(7, 'Joining', NULL, 'Joining'),
(8, 'Finished', NULL, 'Finished');

-- --------------------------------------------------------

--
-- Table structure for table `order_type`
--

CREATE TABLE `order_type` (
  `id` int(11) NOT NULL,
  `type` varchar(100) DEFAULT NULL
) ENGINE=InnoDB DEFAULT CHARSET=latin1 COLLATE=latin1_swedish_ci;

--
-- Dumping data for table `order_type`
--

INSERT INTO `order_type` (`id`, `type`) VALUES
(1, 'Sewing'),
(2, 'Branding'),
(3, 'Services');

-- --------------------------------------------------------

--
-- Table structure for table `payments`
--

CREATE TABLE `payments` (
  `id` int(11) NOT NULL,
  `customer_id` int(11) NOT NULL,
  `order_id` varchar(100) NOT NULL,
  `payment_method` int(11) NOT NULL,
  `amount` int(11) NOT NULL,
  `ref_no` varchar(100) DEFAULT NULL,
  `timestamp` int(11) NOT NULL,
  `staff_id` int(11) DEFAULT NULL
) ENGINE=InnoDB DEFAULT CHARSET=latin1 COLLATE=latin1_swedish_ci;

--
-- Dumping data for table `payments`
--

INSERT INTO `payments` (`id`, `customer_id`, `order_id`, `payment_method`, `amount`, `ref_no`, `timestamp`, `staff_id`) VALUES
(8, 21, 'kt1yc', 1, 9000, NULL, 1703101749, 1),
(9, 25, 'b7348', 3, 5600, NULL, 1591965863, 1),
(10, 31, 'qlvjr', 3, 2000, NULL, 1591975580, 1),
(11, 29, 'rdzak', 1, 1000, NULL, 1592075644, 1),
(12, 28, 'gydyh', 1, 15000, NULL, 1592314757, 1),
(13, 34, 'arn8l', 3, 12000, NULL, 1592314896, 1),
(14, 20, '3g543', 1, 4000, NULL, 1592314979, 1),
(15, 25, '8wddh', 1, 7200, NULL, 1592925407, 1),
(16, 26, 'hc484', 1, 35000, NULL, 1592925504, 1),
(17, 25, 'r23vv', 3, 3600, NULL, 1593967461, 1),
(18, 42, 'j1526', 3, 1500, NULL, 1593101344, 1),
(19, 43, 'nikko', 3, 1500, NULL, 1593102766, 1),
(20, 21, '31d3k', 3, 2200, NULL, 1593547763, 1),
(21, 21, 'gwy2v', 3, 500, NULL, 1593547860, 1),
(22, 34, 'arn8l', 1, 2001, NULL, 1593965833, 1),
(23, 25, '6owiy', 3, 4000, NULL, 1593967079, 1),
(24, 25, 'uqpfe', 3, 6400, NULL, 1593967232, 1),
(25, 47, '5fbcw', 1, 2000, NULL, 1593967936, 1),
(26, 25, 'dw2az', 3, 10000, NULL, 1595010419, 1),
(27, 62, 'r9adg', 3, 500, NULL, 1596319743, 1),
(28, 59, 'foflx', 3, 5000, NULL, 1596320332, 1),
(29, 84, 'f42it', 1, 15000, NULL, 1610441512, 1),
(30, 84, 'f42it', 2, 0, NULL, 1610442063, 1),
(31, 87, 'c4x2g', 3, 2000, NULL, 1624052782, 1),
(32, 100, 'sbq18', 3, 4800, NULL, 1667213793, 1),
(33, 51, 'zb163', 3, 500, NULL, 1667228691, 1),
(34, 108, 'uu4vw', 3, 5, NULL, 1697225252, 1),
(35, 131, 'hi6t1', 2, 4000, NULL, 1702762574, 1),
(36, 129, 'f9zpq', 2, 12650, NULL, 1702763229, 1),
(37, 124, 'rfray', 3, 2000, NULL, 1702763531, 1),
(38, 123, '9e6vt', 3, 24500, NULL, 1702763681, 1),
(39, 127, 'okvk5', 1, 2499, NULL, 1703078334, 1),
(40, 128, '8j5z2', 1, 3000, NULL, 1703078389, 1),
(41, 126, 'mtmt8', 2, 8010, NULL, 1703078463, 1),
(42, 133, 'ric6t', 2, 28800, NULL, 1703166088, 1),
(43, 122, '9bsda', 3, 12600, NULL, 1703166960, 1),
(44, 139, 'u6vq1', 2, 3000, NULL, 1703687234, 1),
(45, 138, 'dg6fx', 3, 3000, NULL, 1703687291, 1),
(46, 134, '9eack', 2, 3600, NULL, 1703687360, 1),
(47, 137, '3v5fu', 2, 5850, NULL, 1703773525, 1),
(48, 140, 'e4ddb', 3, 1200, NULL, 1703853123, 1),
(49, 141, '27fpz', 3, 16800, NULL, 1703943788, 1),
(50, 139, 'oscaz', 2, 14400, NULL, 1704458440, 1),
(51, 142, 'sw66o', 3, 18000, NULL, 1704458489, 1),
(52, 146, 'g7xym', 3, 500, NULL, 1704468079, 1),
(53, 145, 'mqay4', 3, 2750, NULL, 1704474589, 1),
(54, 149, 'djlxy', 2, 1000, NULL, 1704807393, 1),
(55, 152, 'r9x1l', 3, 2500, NULL, 1704969096, 1),
(56, 154, '7ewqi', 2, 3000, NULL, 1704968980, 1),
(57, 143, 'mgnsj', 2, 1000, NULL, 1704969508, 1),
(58, 156, 'g4tmh', 2, 16500, NULL, 1705159168, 1),
(59, 157, 'jxnjj', 3, 3000, NULL, 1705173053, 1),
(60, 155, 'vfli5', 2, 300, NULL, 1705309028, 1),
(61, 163, 'bhyol', 2, 5000, NULL, 1705400496, 1),
(62, 161, 'yyv6r', 3, 12000, NULL, 1705406201, 1),
(63, 158, '48qli', 3, 9000, NULL, 1705407517, 1),
(64, 164, 'uqioq', 2, 30000, NULL, 1705502816, 1),
(65, 161, 'uii86', 3, 4000, NULL, 1705505813, 1),
(66, 172, '8ffo1', 2, 36000, NULL, 1705520581, 1),
(67, 170, 'k4rc7', 2, 12250, NULL, 1705578672, 1),
(68, 170, '9rpw1', 2, 10000, NULL, 1705578756, 1),
(69, 170, 'fwih8', 1, 5250, NULL, 1705578799, 1),
(70, 144, 'cxhtp', 2, 7000, NULL, 1705578956, 1),
(71, 147, 'zdy15', 2, 11400, NULL, 1705579076, 1),
(72, 179, 'miwbv', 2, 15540, NULL, 1705919033, 1),
(73, 177, 'ma15j', 3, 2750, NULL, 1706019407, 1),
(74, 184, '8q6nh', 2, 3000, NULL, 1706111715, 1),
(75, 191, 'pzjni', 3, 1500, NULL, 1706368650, 1),
(76, 178, 'dkp2m', 3, 9100, NULL, 1706525509, 1),
(77, 178, 'e1aua', 3, 10500, NULL, 1706525587, 1),
(78, 187, 'g3xxp', 3, 2700, NULL, 1706526382, 1),
(79, 192, 'l8vmj', 3, 4500, NULL, 1706702310, 1),
(80, 181, 'ag2ln', 3, 13000, NULL, 1706702502, 1),
(81, 195, 'rtk5v', 3, 3000, NULL, 1706785486, 1),
(82, 161, 'udp4n', 3, 12000, NULL, 1706785533, 1),
(83, 197, 'lq6pz', 3, 1200, NULL, 1706804539, 1),
(84, 200, '9tbcu', 3, 750, NULL, 1706959260, 1),
(85, 201, 'ann3n', 3, 2000, NULL, 1706959667, 1),
(86, 202, 'ffhtg', 3, 1500, NULL, 1707151851, 1),
(87, 155, '8c7wc', 3, 6300, NULL, 1707152432, 1),
(88, 204, 'z6pvy', 3, 4000, NULL, 1707234651, 1),
(89, 205, '13m45', 2, 6000, NULL, 1707305720, 1),
(90, 205, '13m45', 1, 15000, NULL, 1707305762, 1),
(91, 122, 'hgssy', 3, 1800, NULL, 1707577157, 1),
(92, 84, '64cuq', 3, 500, NULL, 1707577313, 1),
(93, 157, 'gjtqd', 2, 24500, NULL, 1707735043, 1),
(94, 209, 'dgox4', 3, 12000, NULL, 1707735111, 1),
(95, 210, 'koz7r', 3, 2400, NULL, 1707928745, 1),
(96, 207, 'nc5ww', 2, 93860, NULL, 1707928825, 1),
(97, 208, 'qeaue', 3, 9900, NULL, 1708437354, 1),
(98, 215, 'kh99m', 3, 750, NULL, 1708437466, 1),
(99, 214, 'h2iih', 3, 300, NULL, 1708527476, 1),
(100, 137, 'tjiu1', 2, 2400, NULL, 1708527518, 1),
(101, 216, 'rtljw', 1, 4000, NULL, 1708616752, 1),
(102, 216, 'rtljw', 3, 0, NULL, 1708616832, 1),
(103, 180, 'p69hh', 3, 10000, NULL, 1708617459, 1),
(104, 218, '4solj', 2, 2500, NULL, 1708961017, 1),
(105, 221, 'uhjp4', 2, 3000, NULL, 1709115598, 1),
(106, 220, 'qozkg', 3, 3000, NULL, 1709537476, 1),
(107, 219, 't4ok8', 3, 2500, NULL, 1709537575, 1),
(108, 225, '7imwp', 3, 12000, NULL, 1710411875, 1),
(0, 229, 'nkipx', 2, 600, NULL, 1725649747, 1);

-- --------------------------------------------------------

--
-- Table structure for table `payment_category`
--

CREATE TABLE `payment_category` (
  `id` int(11) NOT NULL,
  `type` varchar(100) NOT NULL
) ENGINE=InnoDB DEFAULT CHARSET=latin1 COLLATE=latin1_swedish_ci;

--
-- Dumping data for table `payment_category`
--

INSERT INTO `payment_category` (`id`, `type`) VALUES
(1, 'POS'),
(2, 'Transfer'),
(3, 'Cash'),
(4, 'Wallet');

-- --------------------------------------------------------

--
-- Table structure for table `payroll`
--

CREATE TABLE `payroll` (
  `id` int(11) NOT NULL,
  `staff` int(11) NOT NULL,
  `amount` decimal(25,2) NOT NULL,
  `method` int(11) NOT NULL,
  `note` text NOT NULL,
  `timestamp` int(11) NOT NULL,
  `deduction` decimal(25,2) DEFAULT NULL
) ENGINE=InnoDB DEFAULT CHARSET=latin1 COLLATE=latin1_swedish_ci;

--
-- Dumping data for table `payroll`
--

INSERT INTO `payroll` (`id`, `staff`, `amount`, `method`, `note`, `timestamp`, `deduction`) VALUES
(11, 21, 17250.00, 2, 'covid effect 75% was paid to all staff', 1591817949, 5750.00),
(12, 20, 18750.00, 2, 'covid effect  75%', 1591818330, 6250.00),
(13, 22, 14250.00, 2, 'covid effect', 1591818454, 4750.00),
(14, 23, 11250.00, 2, 'covid effect', 1591818770, 3750.00),
(15, 24, 9000.00, 2, 'covid effect', 1591818858, 3000.00),
(16, 25, 5000.00, 3, 'domestic staff .may salary2020', 1591819015, 0.00),
(17, 27, 3000.00, 3, 'cleaner may salary', 1591819087, 0.00);

-- --------------------------------------------------------

--
-- Table structure for table `receipts`
--

CREATE TABLE `receipts` (
  `id` int(11) NOT NULL,
  `receipt_id` varchar(100) CHARACTER SET utf8 COLLATE utf8_general_ci DEFAULT NULL,
  `invoice_id` varchar(100) CHARACTER SET utf8 COLLATE utf8_general_ci DEFAULT NULL,
  `amount` decimal(10,2) DEFAULT NULL,
  `payment_method` int(11) NOT NULL,
  `timestamp` int(11) NOT NULL
) ENGINE=InnoDB DEFAULT CHARSET=utf8mb4 COLLATE=utf8mb4_general_ci;

--
-- Dumping data for table `receipts`
--

INSERT INTO `receipts` (`id`, `receipt_id`, `invoice_id`, `amount`, `payment_method`, `timestamp`) VALUES
(1, 'qgs7v', 'ICXUJ', 10.00, 1, 1731106800);

-- --------------------------------------------------------

--
-- Table structure for table `staff`
--

CREATE TABLE `staff` (
  `id` int(10) UNSIGNED NOT NULL,
  `password` varchar(200) DEFAULT NULL,
  `name` varchar(255) DEFAULT NULL,
  `email` varchar(200) DEFAULT NULL,
  `phone` varchar(100) DEFAULT NULL,
  `address` varchar(255) DEFAULT NULL,
  `photo` varchar(100) DEFAULT NULL,
  `suspend` int(11) NOT NULL DEFAULT 0,
  `timestamp` int(11) DEFAULT NULL,
  `role` int(11) NOT NULL DEFAULT 0,
  `password_reset` varchar(100) DEFAULT NULL,
  `birthday` varchar(100) DEFAULT NULL
) ENGINE=InnoDB DEFAULT CHARSET=utf8 COLLATE=utf8_general_ci;

--
-- Dumping data for table `staff`
--

INSERT INTO `staff` (`id`, `password`, `name`, `email`, `phone`, `address`, `photo`, `suspend`, `timestamp`, `role`, `password_reset`, `birthday`) VALUES
(1, '$2y$09$TOBiMsofVi2m6mxLU9Q3zOxm9/Otv5qo8GYArfizCYG.lkQitQaN.', 'admin', 'info@bongistkoncept.com', NULL, 'Shelter Afrique', 'avatar.png', 0, NULL, 1, '4754c95c1373f459f7a5a574be5fe9cbf83470a0', NULL),
(20, '$2y$09$pkcm2NfEUIg5cC1i3YqaxeUJqQGgiCyXMwUz4Qn/4gl40R1XUA7Y6', 'Ubon Eden Archibong', 'ubon@bongistkoncepts.com', '08022362863', 'Mbak Etoi ,uyo', NULL, 0, 1591788833, 3, NULL, '2020-11-27'),
(24, '$2y$09$JkOYUBldKZ5njeScfAjSUeOTkJkVn..EVC3ZHv8JYF/PRPyeqdhD6', 'Uwem Simon', 'uwem@bongistkoncepts.com', '2347018210723', 'Barracks road, uyo', NULL, 0, 1591792528, 7, NULL, '2019-04-24'),
(27, '$2y$09$wKMVVQizNXemVkF4D0vc7O7kAxsNAdUJeUrasRtoqVD79.twsK5eq', 'Susan', 'susan@bongistkoncepts.com', '000000', 'Mbiabong', NULL, 0, 1591792837, 7, NULL, '2020-06-10'),
(31, '$2y$09$OFxGrkF4bfupLvPXcOiAUOHF2ieozdT6DLP1.5wXZfdt95COMmzue', 'Godwin umoh', 'umohgodwin2@gmail.com', '08029840705', '', NULL, 0, 1624531632, 4, NULL, '1990-07-07'),
(32, '$2y$09$IZDjTJ86JgKvmqWW5DZnmuCjwDLvc7IxKPEJEZlxwg9piommq0ABi', 'Abasifreke Udotai', 'bongistk@gmail.com', '08135696323', 'Uyo', NULL, 0, 1651519273, 2, NULL, '2022-05-02'),
(33, '$2y$09$Y86L78rCF4HHJ9ZmXHwh2.LLq8ZrTPCSGgx21LdqXEk7VfKc8zJHK', 'Hope Samuel ', 'hopesamuel0@gmail.com', '08063577358', 'Ikot Abasi street,uyo', NULL, 0, 1667228297, 3, NULL, '2022-10-31'),
(34, '$2y$09$65Am5yhMqfEgnMs4IXLZ5Oj/C203biYt8BHQu4bgOPNpQEt1/Gk3K', 'Udeme Ufot', 'udeme@bongistkoncepts.com', '2349011672146', 'Drug law nwaniba ', NULL, 0, 1703104753, 5, NULL, '2003-06-19');

-- --------------------------------------------------------

--
-- Table structure for table `staff_role`
--

CREATE TABLE `staff_role` (
  `id` int(11) NOT NULL,
  `role_type` varchar(100) DEFAULT NULL
) ENGINE=InnoDB DEFAULT CHARSET=latin1 COLLATE=latin1_swedish_ci;

--
-- Dumping data for table `staff_role`
--

INSERT INTO `staff_role` (`id`, `role_type`) VALUES
(1, 'Admin'),
(2, 'Admin Officer'),
(3, 'Manager'),
(4, 'Supervisor'),
(5, 'Operator'),
(6, 'Sewing Staff'),
(7, 'Branding Staff');

-- --------------------------------------------------------

--
-- Table structure for table `type_category`
--

CREATE TABLE `type_category` (
  `id` int(11) NOT NULL,
  `type_id` int(11) DEFAULT NULL,
  `category` varchar(100) DEFAULT NULL
) ENGINE=InnoDB DEFAULT CHARSET=latin1 COLLATE=latin1_swedish_ci;

--
-- Dumping data for table `type_category`
--

INSERT INTO `type_category` (`id`, `type_id`, `category`) VALUES
(1, 2, 'Monogram'),
(2, 2, 'Heat Transfer'),
(3, 2, 'Screen Printing'),
(4, 2, 'Floss'),
(5, 3, 'Button'),
(6, 3, 'Stitching'),
(7, 3, 'weaving'),
(8, 3, 'buttonhole'),
(9, 3, 'helming');

--
-- Indexes for dumped tables
--

--
-- Indexes for table `activities`
--
ALTER TABLE `activities`
  ADD PRIMARY KEY (`id`);

--
-- Indexes for table `customers`
--
ALTER TABLE `customers`
  ADD PRIMARY KEY (`id`);

--
-- Indexes for table `invoices`
--
ALTER TABLE `invoices`
  ADD PRIMARY KEY (`id`),
  ADD UNIQUE KEY `invoice_number` (`invoice_id`),
  ADD KEY `customer_id` (`customer_id`);

--
-- Indexes for table `invoice_items`
--
ALTER TABLE `invoice_items`
  ADD PRIMARY KEY (`id`);

--
-- Indexes for table `receipts`
--
ALTER TABLE `receipts`
  ADD PRIMARY KEY (`id`);

--
-- AUTO_INCREMENT for dumped tables
--

--
-- AUTO_INCREMENT for table `activities`
--
ALTER TABLE `activities`
  MODIFY `id` int(11) NOT NULL AUTO_INCREMENT, AUTO_INCREMENT=1821;

--
-- AUTO_INCREMENT for table `customers`
--
ALTER TABLE `customers`
  MODIFY `id` int(11) NOT NULL AUTO_INCREMENT, AUTO_INCREMENT=234;

--
-- AUTO_INCREMENT for table `invoices`
--
ALTER TABLE `invoices`
  MODIFY `id` int(11) NOT NULL AUTO_INCREMENT, AUTO_INCREMENT=43;

--
-- AUTO_INCREMENT for table `invoice_items`
--
ALTER TABLE `invoice_items`
  MODIFY `id` int(11) NOT NULL AUTO_INCREMENT, AUTO_INCREMENT=98;

--
-- AUTO_INCREMENT for table `receipts`
--
ALTER TABLE `receipts`
  MODIFY `id` int(11) NOT NULL AUTO_INCREMENT, AUTO_INCREMENT=2;
COMMIT;

/*!40101 SET CHARACTER_SET_CLIENT=@OLD_CHARACTER_SET_CLIENT */;
/*!40101 SET CHARACTER_SET_RESULTS=@OLD_CHARACTER_SET_RESULTS */;
/*!40101 SET COLLATION_CONNECTION=@OLD_COLLATION_CONNECTION */;
